Survived,Name,Age,SibSp,Parch,Ticket,Fare,Q,S,Pclass_2,Pclass_3,Sex_1,AgeGroup
0,"Braund, Mr. Owen Harris",22.0,1,0,A/5 21171,0.014151057562208049,0,1,0,1,1,Adulto
1,"Cumings, Mrs. John Bradley (Florence Briggs Thayer)",38.0,1,0,PC 17599,0.13913573538264068,0,0,0,0,0,Adulto
1,"Heikkinen, Miss. Laina",26.0,0,0,STON/O2. 3101282,0.015468569817999833,0,1,0,1,0,Adulto
1,"Futrelle, Mrs. Jacques Heath (Lily May Peel)",35.0,1,0,113803,0.10364429745562033,0,1,0,0,0,Adulto
0,"Allen, Mr. William Henry",35.0,0,0,373450,0.015712553569072387,0,1,0,1,1,Adulto
0,"Moran, Mr. James",25.14061971830986,0,0,330877,0.01650950209357577,1,0,0,1,1,Adulto
0,"McCarthy, Mr. Timothy J",54.0,0,0,17463,0.10122885832000206,0,1,0,0,1,Adulto
0,"Palsson, Master. Gosta Leonard",2.0,3,1,349909,0.04113566043083236,0,1,0,1,1,Criança
1,"Johnson, Mrs. Oscar W (Elisabeth Vilhelmina Berg)",27.0,0,2,347742,0.021730754366528396,0,1,0,1,0,Adulto
1,"Nasser, Mrs. Nicholas (Adele Achem)",14.0,1,0,237736,0.058694292654020104,0,0,1,0,0,Jovem
1,"Sandstrom, Miss. Marguerite Rut",4.0,1,1,PP 9549,0.03259622914329302,0,1,0,1,0,Criança
1,"Bonnell, Miss. Elizabeth",58.0,0,0,113783,0.051822148727810165,0,1,0,0,0,Adulto
0,"Saundercock, Mr. William Henry",20.0,0,0,A/5. 2151,0.015712553569072387,0,1,0,1,1,Adulto
0,"Andersson, Mr. Anders Johan",39.0,1,5,347082,0.06104473451835265,0,1,0,1,1,Adulto
0,"Vestrom, Miss. Hulda Amanda Adolfina",14.0,0,0,350406,0.015330377421392339,0,1,0,1,0,Jovem
1,"Hewlett, Mrs. (Mary D Kingcome) ",55.0,0,0,248706,0.03122992013728673,0,1,1,0,0,Adulto
0,"Rice, Master. Eugene",2.0,4,1,382652,0.05684821399990475,1,0,0,1,1,Criança
1,"Williams, Mr. Charles Eugene",29.87763005780347,0,0,244373,0.025374310111545468,0,1,1,0,1,Adulto
0,"Vander Planke, Mrs. Julius (Emelia Maria Vandemoortele)",31.0,1,0,345763,0.03513366015444757,0,1,0,1,0,Adulto
1,"Masselmani, Mrs. Fatima",25.14061971830986,0,0,2649,0.014102260811993537,0,0,0,1,0,Adulto
0,"Fynney, Mr. Joseph J",35.0,0,0,239865,0.050748620223090936,0,1,1,0,1,Adulto
1,"Beesley, Mr. Lawrence",34.0,0,0,248698,0.025374310111545468,0,1,1,0,1,Adulto
1,"McGowan, Miss. Anna ""Annie""",15.0,0,0,330923,0.015671954672893913,1,0,0,1,0,Jovem
1,"Sloper, Mr. William Thompson",28.0,0,0,113788,0.06929138530460494,0,1,0,0,1,Adulto
0,"Palsson, Miss. Torborg Danira",8.0,3,1,349909,0.04113566043083236,0,1,0,1,0,Criança
1,"Asplund, Mrs. Carl Oscar (Selma Augusta Emilia Johansson)",38.0,1,5,347077,0.06126431989431795,0,1,0,1,0,Adulto
0,"Emir, Mr. Farred Chehab",25.14061971830986,0,0,2631,0.014102260811993537,0,0,0,1,1,Adulto
0,"Fortune, Mr. Charles Alexander",19.0,3,2,19950,0.5133418122566507,0,1,0,0,1,Adulto
1,"O'Dwyer, Miss. Ellen ""Nellie""",25.14061971830986,0,0,330959,0.01537917417160685,1,0,0,1,0,Adulto
0,"Todoroff, Mr. Lalio",25.14061971830986,0,0,349216,0.015411575213749286,0,1,0,1,1,Adulto
0,"Uruchurtu, Don. Manuel E",40.0,0,0,PC 17601,0.05410739813385612,0,0,0,0,1,Adulto
1,"Spencer, Mrs. William Augustus (Marie Eugenie)",38.233440860215055,1,0,PC 17569,0.2859895551532101,0,0,0,0,0,Adulto
1,"Glynn, Miss. Mary Agatha",25.14061971830986,0,0,335677,0.015126992566498259,1,0,0,1,0,Adulto
0,"Wheadon, Mr. Edward H",66.0,0,0,C.A. 24579,0.020494635090094415,0,1,1,0,1,Idoso
0,"Meyer, Mr. Edgar Joseph",28.0,1,0,PC 17604,0.16038672010106003,0,0,0,0,1,Adulto
0,"Holverson, Mr. Alexander Oskar",42.0,1,0,113789,0.10149724044618187,0,1,0,0,1,Adulto
1,"Mamee, Mr. Hanna",25.14061971830986,0,0,2677,0.014110458666029575,0,0,0,1,1,Adulto
0,"Cann, Mr. Ernest Charles",21.0,0,0,A./5. 2152,0.015712553569072387,0,1,0,1,1,Adulto
0,"Vander Planke, Miss. Augusta Maria",18.0,2,0,345764,0.03513366015444757,0,1,0,1,0,Adulto
1,"Nicola-Yarred, Miss. Jamila",14.0,1,0,2651,0.021942337075458514,0,0,0,1,0,Jovem
0,"Ahlin, Mrs. Johan (Johanna Persdotter Larsson)",40.0,1,0,7546,0.018493968331299484,0,1,0,1,0,Adulto
0,"Turpin, Mrs. William John Robert (Dorothy Ann Wonnacott)",27.0,1,0,11668,0.04098927018018883,0,1,1,0,0,Adulto
0,"Kraeff, Mr. Theodor",25.14061971830986,0,0,349253,0.015411575213749286,0,0,0,1,1,Adulto
1,"Laroche, Miss. Simonne Marie Anne Andree",3.0,1,2,SC/Paris 2123,0.08115719346076702,0,0,1,0,0,Criança
1,"Devaney, Miss. Margaret Delia",19.0,0,0,330958,0.01537917417160685,1,0,0,1,0,Adulto
0,"Rogers, Mr. William John",25.14061971830986,0,0,S.C./A.4. 23567,0.015712553569072387,0,1,0,1,1,Adulto
0,"Lennon, Mr. Denis",25.14061971830986,1,0,370371,0.030253985132996517,1,0,0,1,1,Adulto
1,"O'Driscoll, Miss. Bridget",25.14061971830986,0,0,14311,0.015126992566498259,1,0,0,1,0,Adulto
0,"Samaan, Mr. Youssef",25.14061971830986,2,0,2662,0.04231498029001666,0,0,0,1,1,Adulto
0,"Arnold-Franchi, Mrs. Josef (Josefine Franchi)",18.0,1,0,349237,0.034743286152731485,0,1,0,1,0,Adulto
0,"Panula, Master. Juha Niilo",7.0,4,1,3101295,0.07746484096553544,0,1,0,1,1,Criança
0,"Nosworthy, Mr. Richard Cater",21.0,0,0,A/4. 39886,0.01522458606692728,0,1,0,1,1,Adulto
1,"Harper, Mrs. Henry Sleeper (Myna Haxtun)",49.0,1,0,PC 17572,0.1497654242623688,0,0,0,0,0,Adulto
1,"Faunthorpe, Mrs. Lizzie (Elizabeth Anne Wilkinson)",29.0,1,0,2926,0.050748620223090936,0,1,1,0,0,Adulto
0,"Ostby, Mr. Engelhart Cornelius",65.0,0,1,113509,0.1209753416358076,0,0,0,0,1,Idoso
1,"Woolner, Mr. Hugh",38.233440860215055,0,0,19947,0.06929138530460494,0,1,0,0,1,Adulto
1,"Rugg, Miss. Emily",21.0,0,0,C.A. 31026,0.020494635090094415,0,1,1,0,0,Adulto
0,"Novel, Mr. Mansouer",28.5,0,0,2697,0.014110458666029575,0,0,0,1,1,Adulto
1,"West, Miss. Constance Mirium",5.0,1,2,C.A. 34651,0.05416439273810667,0,1,1,0,0,Criança
0,"Goodwin, Master. William Frederick",11.0,5,2,CA 2144,0.09154270340242172,0,1,0,1,1,Criança
0,"Sirayanian, Mr. Orsen",22.0,0,0,2669,0.014110458666029575,0,0,0,1,1,Adulto
0,"Harris, Mr. Henry Birkhardt",45.0,1,0,36973,0.16293234896625058,0,1,0,0,1,Adulto
0,"Skoog, Master. Harald",4.0,3,2,347088,0.05445717323939373,0,1,0,1,1,Criança
0,"Stewart, Mr. Albert A",38.233440860215055,0,0,PC 17605,0.05410739813385612,0,0,0,0,1,Adulto
1,"Moubarek, Master. Gerios",25.14061971830986,1,1,2661,0.029757819776815374,0,0,0,1,1,Adulto
1,"Nye, Mrs. (Elizabeth Ramell)",29.0,0,0,C.A. 29395,0.020494635090094415,0,1,1,0,0,Adulto
0,"Crease, Mr. Ernest James",19.0,0,0,S.P. 3464,0.015923941091001644,0,1,0,1,1,Adulto
1,"Andersson, Miss. Erna Alexandra",17.0,4,2,3101281,0.015468569817999833,0,1,0,1,0,Jovem
0,"Kink, Mr. Vincenz",26.0,2,0,315151,0.016908073949327893,0,1,0,1,1,Adulto
0,"Jenkin, Mr. Stephen Curnow",32.0,0,0,C.A. 33111,0.020494635090094415,0,1,1,0,1,Adulto
0,"Goodwin, Miss. Lillian Amy",16.0,5,2,CA 2144,0.09154270340242172,0,1,0,1,0,Jovem
0,"Hood, Mr. Ambrose Jr",21.0,0,0,S.O.C. 14879,0.1434624456306609,0,1,1,0,1,Adulto
0,"Chronopoulos, Mr. Apostolos",26.0,1,0,2680,0.028212719478023115,0,0,0,1,1,Adulto
1,"Bing, Mr. Lee",32.0,0,0,1601,0.11027245763075773,0,1,0,1,1,Adulto
0,"Moen, Mr. Sigurd Hansen",25.0,0,0,348123,0.014931805565640218,0,1,0,1,1,Adulto
0,"Staneff, Mr. Ivan",25.14061971830986,0,0,349208,0.015411575213749286,0,1,0,1,1,Adulto
0,"Moutal, Mr. Rahamin Haim",25.14061971830986,0,0,374746,0.015712553569072387,0,1,0,1,1,Adulto
1,"Caldwell, Master. Alden Gates",0.83,0,2,248738,0.056604230248832196,0,1,1,0,1,Criança
1,"Dowdell, Miss. Elizabeth",30.0,0,0,364516,0.024349578357040744,0,1,0,1,0,Adulto
0,"Waelens, Mr. Achille",22.0,0,0,345767,0.017566830077223785,0,1,0,1,1,Adulto
1,"Sheerlinck, Mr. Jan Baptist",29.0,0,0,345779,0.018542765081513996,0,1,0,1,1,Adulto
1,"McDermott, Miss. Brigdet Delia",25.14061971830986,0,0,330932,0.015200187691820024,1,0,0,1,0,Adulto
0,"Carrau, Mr. Francisco M",28.0,0,0,113059,0.09193307740413781,0,1,0,0,1,Adulto
1,"Ilett, Miss. Bertha",17.0,0,0,SO/C 14885,0.020494635090094415,0,1,1,0,0,Jovem
1,"Backstrom, Mrs. Karl Alfred (Maria Mathilda Gustafsson)",33.0,3,0,3101278,0.030937139635999665,0,1,0,1,0,Adulto
0,"Ford, Mr. William Neal",16.0,1,3,W./C. 6608,0.06709553154495196,0,1,0,1,1,Jovem
0,"Slocovski, Mr. Selman Francis",25.14061971830986,0,0,SOTON/OQ 392086,0.015712553569072387,0,1,0,1,1,Adulto
1,"Fortune, Miss. Mabel Helen",23.0,3,2,19950,0.5133418122566507,0,1,0,0,0,Adulto
0,"Celotti, Mr. Francesco",24.0,0,0,343275,0.015712553569072387,0,1,0,1,1,Adulto
0,"Christmann, Mr. Emil",29.0,0,0,343276,0.015712553569072387,0,1,0,1,1,Adulto
0,"Andreasson, Mr. Paul Edvin",20.0,0,0,347466,0.015330377421392339,0,1,0,1,1,Adulto
0,"Chaffee, Mr. Herbert Fuller",46.0,1,0,W.E.P. 5734,0.11940564777490723,0,1,0,0,1,Adulto
0,"Dean, Mr. Bertram Frank",26.0,1,2,C.A. 2315,0.04015972542654215,0,1,0,1,1,Adulto
0,"Coxon, Mr. Daniel",59.0,0,0,364500,0.014151057562208049,0,1,0,1,1,Adulto
0,"Shorney, Mr. Charles Joseph",25.14061971830986,0,0,374910,0.015712553569072387,0,1,0,1,1,Adulto
0,"Goldschmidt, Mr. George B",71.0,0,0,PC 17754,0.06764049365134761,0,0,0,0,1,Idoso
1,"Greenfield, Mr. William Bertram",23.0,0,1,PC 17759,0.12366716556464086,0,0,0,0,1,Adulto
1,"Doling, Mrs. John T (Ada Julia Bone)",34.0,0,1,231919,0.044893010197349675,0,1,1,0,0,Adulto
0,"Kantor, Mr. Sinai",34.0,1,0,244367,0.050748620223090936,0,1,1,0,1,Adulto
0,"Petranec, Miss. Matilda",28.0,0,0,349245,0.015411575213749286,0,1,0,1,0,Adulto
0,"Petroff, Mr. Pastcho (""Pentcho"")",25.14061971830986,0,0,349215,0.015411575213749286,0,1,0,1,1,Adulto
0,"White, Mr. Richard Frasar",21.0,0,1,35281,0.15085515328815924,0,1,0,0,1,Adulto
0,"Johansson, Mr. Gustaf Joel",33.0,0,0,7540,0.016891873428256675,0,1,0,1,1,Adulto
0,"Gustafsson, Mr. Anders Vilhelm",37.0,2,0,3101276,0.015468569817999833,0,1,0,1,1,Adulto
0,"Mionoff, Mr. Stoytcho",28.0,0,0,349207,0.015411575213749286,0,1,0,1,1,Adulto
1,"Salkjelsvik, Miss. Anna Kristine",21.0,0,0,343120,0.014931805565640218,0,1,0,1,0,Adulto
1,"Moss, Mr. Albert Johan",25.14061971830986,0,0,312991,0.015175789316712771,0,1,0,1,1,Adulto
0,"Rekic, Mr. Tido",38.0,0,0,349249,0.015411575213749286,0,1,0,1,1,Adulto
1,"Moran, Miss. Bertha",25.14061971830986,1,0,371110,0.04713766070721715,1,0,0,1,0,Adulto
0,"Porter, Mr. Walter Chamberlain",47.0,0,0,110465,0.10149724044618187,0,1,0,0,1,Adulto
0,"Zabour, Miss. Hileni",14.5,1,0,2665,0.028212719478023115,0,0,0,1,0,Jovem
0,"Barton, Mr. David John",22.0,0,0,324669,0.015712553569072387,0,1,0,1,1,Adulto
0,"Jussila, Miss. Katriina",20.0,1,0,4136,0.019177122834302632,0,1,0,1,0,Adulto
0,"Attalah, Miss. Malake",17.0,0,0,2627,0.028220722145058292,0,0,0,1,0,Jovem
0,"Pekoniemi, Mr. Edvard",21.0,0,0,STON/O 2. 3101294,0.015468569817999833,0,1,0,1,1,Adulto
0,"Connors, Mr. Patrick",70.5,0,0,370369,0.015126992566498259,1,0,0,1,1,Idoso
0,"Turpin, Mr. William John Robert",29.0,1,0,11668,0.04098927018018883,0,1,1,0,1,Adulto
0,"Baxter, Mr. Quigg Edmond",24.0,0,1,PC 17558,0.4831284260198326,0,0,0,0,1,Adulto
0,"Andersson, Miss. Ellis Anna Maria",2.0,4,2,347082,0.06104473451835265,0,1,0,1,0,Criança
0,"Hickman, Mr. Stanley George",21.0,2,0,S.O.C. 14879,0.1434624456306609,0,1,1,0,1,Adulto
0,"Moore, Mr. Leonard Charles",25.14061971830986,0,0,A4. 54510,0.015712553569072387,0,1,0,1,1,Adulto
0,"Nasser, Mr. Nicholas",32.5,1,0,237736,0.058694292654020104,0,0,1,0,1,Adulto
1,"Webber, Miss. Susan",32.5,0,0,27267,0.025374310111545468,0,1,1,0,0,Adulto
0,"White, Mr. Percival Wayland",54.0,0,1,35281,0.15085515328815924,0,1,0,0,1,Adulto
1,"Nicola-Yarred, Master. Elias",12.0,1,0,2651,0.021942337075458514,0,0,0,1,1,Jovem
0,"McMahon, Mr. Martin",25.14061971830986,0,0,370372,0.015126992566498259,1,0,0,1,1,Adulto
1,"Madsen, Mr. Fridtjof Arne",24.0,0,0,C 17369,0.01393967004027879,0,1,0,1,1,Adulto
1,"Peter, Miss. Anna",25.14061971830986,1,1,2668,0.04364049521284362,0,0,0,1,0,Adulto
0,"Ekstrom, Mr. Johan",45.0,0,0,347061,0.013614293309848433,0,1,0,1,1,Adulto
0,"Drazenoic, Mr. Jozef",33.0,0,0,349241,0.015411575213749286,0,0,0,1,1,Adulto
0,"Coelho, Mr. Domingos Fernandeo",20.0,0,0,SOTON/O.Q. 3101307,0.013760683560491965,0,1,0,1,1,Adulto
0,"Robins, Mrs. Alexander A (Grace Charity Laury)",47.0,1,0,A/5. 3337,0.028302115124416098,0,1,0,1,0,Adulto
1,"Weisz, Mrs. Leopold (Mathilde Francoise Pede)",29.0,1,0,228414,0.050748620223090936,0,1,1,0,0,Adulto
0,"Sobey, Mr. Samuel James Hayden",25.0,0,0,C.A. 29178,0.025374310111545468,0,1,1,0,1,Adulto
0,"Richard, Mr. Emile",23.0,0,0,SC/PARIS 2133,0.02936744577509929,0,0,1,0,1,Adulto
1,"Newsom, Miss. Helen Monypeny",19.0,0,2,11752,0.051301584996521765,0,1,0,0,0,Adulto
0,"Futrelle, Mr. Jacques Heath",37.0,1,0,113803,0.10364429745562033,0,1,0,0,1,Adulto
0,"Osen, Mr. Olaf Elon",16.0,0,0,7534,0.01798980030808316,0,1,0,1,1,Jovem
0,"Giglio, Mr. Victor",24.0,0,0,PC 17593,0.15458810467956932,0,0,0,0,1,Adulto
0,"Boulos, Mrs. Joseph (Sultana)",25.14061971830986,0,2,2678,0.029757819776815374,0,0,0,1,0,Adulto
1,"Nysten, Miss. Anna Sofia",22.0,0,0,347081,0.015126992566498259,0,1,0,1,0,Adulto
1,"Hakkarainen, Mrs. Pekka Pietari (Elin Matilda Dolck)",24.0,1,0,STON/O2. 3101279,0.030937139635999665,0,1,0,1,0,Adulto
0,"Burke, Mr. Jeremiah",19.0,0,0,365222,0.013175122557917838,1,0,0,1,1,Adulto
0,"Andrew, Mr. Edgardo Samuel",18.0,0,0,231945,0.022446505098674838,0,1,1,0,1,Adulto
0,"Nicholls, Mr. Joseph Charles",19.0,1,1,C.A. 33112,0.07173122281533045,0,1,1,0,1,Adulto
1,"Andersson, Mr. August Edvard (""Wennerstrom"")",27.0,0,0,350043,0.015216388212891242,0,1,0,1,1,Adulto
0,"Ford, Miss. Robina Maggie ""Ruby""",9.0,2,2,W./C. 6608,0.06709553154495196,0,1,0,1,0,Criança
0,"Navratil, Mr. Michel (""Louis M Hoffman"")",36.5,0,2,230080,0.050748620223090936,0,1,1,0,1,Adulto
0,"Byles, Rev. Thomas Roussel Davids",42.0,0,0,244310,0.025374310111545468,0,1,1,0,1,Adulto
0,"Bateman, Rev. Robert James",51.0,0,0,S.O.P. 1166,0.02444717185746977,0,1,1,0,1,Adulto
1,"Pears, Mrs. Thomas (Edith Wearne)",22.0,1,0,113776,0.12999454257145598,0,1,0,0,0,Adulto
0,"Meo, Mr. Alfonzo",55.5,0,0,A.5. 11206,0.015712553569072387,0,1,0,1,1,Adulto
0,"van Billiard, Mr. Austin Blyler",40.5,0,2,A/5. 851,0.028302115124416098,0,1,0,1,1,Adulto
0,"Olsen, Mr. Ole Martin",25.14061971830986,0,0,Fa 265302,0.014273049437744325,0,1,0,1,1,Adulto
0,"Williams, Mr. Charles Duane",51.0,0,1,PC 17597,0.11980421963065935,0,0,0,0,1,Adulto
1,"Gilnagh, Miss. Katherine ""Katie""",16.0,0,0,35851,0.015094396337354966,1,0,0,1,0,Jovem
0,"Corn, Mr. Harry",30.0,0,0,SOTON/OQ 392090,0.015712553569072387,0,1,0,1,1,Adulto
0,"Smiljanic, Mr. Mile",25.14061971830986,0,0,315037,0.016908073949327893,0,1,0,1,1,Adulto
0,"Sage, Master. Thomas Henry",25.14061971830986,8,2,CA. 2343,0.13575255909676825,0,1,0,1,1,Adulto
0,"Cribb, Mr. John Hatfield",44.0,0,1,371362,0.031425107138144774,0,1,0,1,1,Adulto
1,"Watt, Mrs. James (Elizabeth ""Bessie"" Inglis Milne)",40.0,0,0,C.A. 33595,0.030741952635141623,0,1,1,0,0,Adulto
0,"Bengtsson, Mr. John Viktor",26.0,0,0,347068,0.015175789316712771,0,1,0,1,1,Adulto
0,"Calic, Mr. Jovo",17.0,0,0,315093,0.016908073949327893,0,1,0,1,1,Jovem
0,"Panula, Master. Eino Viljami",1.0,4,1,3101295,0.07746484096553544,0,1,0,1,1,Criança
1,"Goldsmith, Master. Frank John William ""Frankie""",9.0,0,2,363291,0.04006213192611313,0,1,0,1,1,Criança
1,"Chibnall, Mrs. (Edith Martha Bowerman)",38.233440860215055,0,1,113505,0.10735285047192313,0,1,0,0,0,Adulto
0,"Skoog, Mrs. William (Anna Bernhardina Karlsson)",45.0,1,4,347088,0.05445717323939373,0,1,0,1,0,Adulto
0,"Baumann, Mr. John D",38.233440860215055,0,0,PC 17318,0.050602229972447406,0,1,0,0,1,Adulto
0,"Ling, Mr. Lee",28.0,0,0,1601,0.11027245763075773,0,1,0,1,1,Adulto
0,"Van der hoef, Mr. Wyckoff",61.0,0,0,111240,0.06538764528744409,0,1,0,0,1,Idoso
0,"Rice, Master. Arthur",4.0,4,1,382652,0.05684821399990475,1,0,0,1,1,Criança
1,"Johnson, Miss. Eleanor Ileen",1.0,1,1,347742,0.021730754366528396,0,1,0,1,0,Criança
0,"Sivola, Mr. Antti Wilhelm",21.0,0,0,STON/O 2. 3101280,0.015468569817999833,0,1,0,1,1,Adulto
0,"Smith, Mr. James Clinch",56.0,0,0,17764,0.05991421140938287,0,0,0,0,1,Adulto
0,"Klasen, Mr. Klas Albin",18.0,1,1,350404,0.015330377421392339,0,1,0,1,1,Adulto
0,"Lefebre, Master. Henry Forbes",25.14061971830986,3,1,4133,0.049707687947515,0,1,0,1,1,Adulto
0,"Isham, Miss. Ann Elizabeth",50.0,0,0,PC 17595,0.05604306762136532,0,0,0,0,0,Adulto
0,"Hale, Mr. Reginald",30.0,0,0,250653,0.025374310111545468,0,1,1,0,1,Adulto
0,"Leonard, Mr. Lionel",36.0,0,0,LINE,0.0,0,1,0,1,1,Adulto
0,"Sage, Miss. Constance Gladys",25.14061971830986,8,2,CA. 2343,0.13575255909676825,0,1,0,1,0,Adulto
0,"Pernot, Mr. Rene",29.87763005780347,0,0,SC/PARIS 2131,0.02937564362913533,0,0,1,0,1,Adulto
0,"Asplund, Master. Clarence Gustaf Hugo",9.0,4,2,347077,0.06126431989431795,0,1,0,1,1,Criança
1,"Becker, Master. Richard F",1.0,2,1,230136,0.07612293033463641,0,1,1,0,1,Criança
1,"Kink-Heilmann, Miss. Luise Gretchen",4.0,0,2,315153,0.04298993693898376,0,1,0,1,0,Criança
0,"Rood, Mr. Hugh Roscoe",38.233440860215055,0,0,113767,0.09759350042902103,0,1,0,0,1,Adulto
1,"O'Brien, Mrs. Thomas (Johanna ""Hannah"" Godfrey)",25.14061971830986,1,0,370365,0.030253985132996517,1,0,0,1,0,Adulto
1,"Romaine, Mr. Charles Hallace (""Mr C Rolmane"")",45.0,0,0,111428,0.051822148727810165,0,1,0,0,1,Adulto
0,"Bourke, Mr. John",40.0,1,1,364849,0.030253985132996517,1,0,0,1,1,Adulto
0,"Turcin, Mr. Stjepan",36.0,0,0,349247,0.015411575213749286,0,1,0,1,1,Adulto
1,"Pinsky, Mrs. (Rosa)",32.0,0,0,234604,0.025374310111545468,0,1,1,0,0,Adulto
0,"Carbines, Mr. William",19.0,0,0,28424,0.025374310111545468,0,1,1,0,1,Adulto
1,"Andersen-Jensen, Miss. Carla Christine Nielsine",19.0,1,0,350046,0.015330377421392339,0,1,0,1,0,Adulto
1,"Navratil, Master. Michel M",3.0,1,1,230080,0.050748620223090936,0,1,1,0,1,Criança
1,"Brown, Mrs. James Joseph (Margaret Tobin)",44.0,0,0,PC 17610,0.05410739813385612,0,0,0,0,0,Adulto
1,"Lurette, Miss. Elise",58.0,0,0,PC 17569,0.2859895551532101,0,0,0,0,0,Adulto
0,"Mernagh, Mr. Robert",25.14061971830986,0,0,368703,0.015126992566498259,1,0,0,1,1,Adulto
0,"Olsen, Mr. Karl Siegwart Andreas",42.0,0,1,4579,0.01640390592611157,0,1,0,1,1,Adulto
1,"Madigan, Miss. Margaret ""Maggie""",25.14061971830986,0,0,370370,0.015126992566498259,1,0,0,1,0,Adulto
0,"Yrois, Miss. Henriette (""Mrs Harbeck"")",24.0,0,0,248747,0.025374310111545468,0,1,1,0,0,Adulto
0,"Vande Walle, Mr. Nestor Cyriel",28.0,0,0,345770,0.018542765081513996,0,1,0,1,1,Adulto
0,"Sage, Mr. Frederick",25.14061971830986,8,2,CA. 2343,0.13575255909676825,0,1,0,1,1,Adulto
0,"Johanson, Mr. Jakob Alfred",34.0,0,0,3101264,0.012678957201736696,0,1,0,1,1,Adulto
0,"Youseff, Mr. Gerious",45.5,0,0,2628,0.014102260811993537,0,0,0,1,1,Adulto
1,"Cohen, Mr. Gurshon ""Gus""",18.0,0,0,A/5 3540,0.015712553569072387,0,1,0,1,1,Adulto
0,"Strom, Miss. Telma Matilda",2.0,0,1,347054,0.02042143996477265,0,1,0,1,0,Criança
0,"Backstrom, Mr. Karl Alfred",32.0,1,0,3101278,0.030937139635999665,0,1,0,1,1,Adulto
1,"Albimona, Mr. Nassef Cassem",26.0,0,0,2699,0.036670757786204655,0,0,0,1,1,Adulto
1,"Carr, Miss. Helen ""Ellen""",16.0,0,0,367231,0.015126992566498259,1,0,0,1,0,Jovem
1,"Blank, Mr. Henry",40.0,0,0,112277,0.060507970265993034,0,0,0,0,1,Adulto
0,"Ali, Mr. Ahmed",24.0,0,0,SOTON/O.Q. 3101311,0.013760683560491965,0,1,0,1,1,Adulto
1,"Cameron, Miss. Clear Annie",35.0,0,0,F.C.C. 13528,0.04098927018018883,0,1,1,0,0,Adulto
0,"Perkin, Mr. John Henry",22.0,0,0,A/5 21174,0.014151057562208049,0,1,0,1,1,Adulto
0,"Givard, Mr. Hans Kristensen",30.0,0,0,250646,0.025374310111545468,0,1,1,0,1,Adulto
0,"Kiernan, Mr. Philip",25.14061971830986,1,0,367229,0.015126992566498259,1,0,0,1,1,Adulto
1,"Newell, Miss. Madeleine",31.0,1,0,35273,0.22109807522194713,0,0,0,0,0,Adulto
1,"Honkanen, Miss. Eliina",27.0,0,0,STON/O2. 3101283,0.015468569817999833,0,1,0,1,0,Adulto
0,"Jacobsohn, Mr. Sidney Samuel",42.0,1,0,243847,0.05270049023167135,0,1,1,0,1,Adulto
1,"Bazzani, Miss. Albina",32.0,0,0,11813,0.14891148113361488,0,0,0,0,0,Adulto
0,"Harris, Mr. Walter",30.0,0,0,W/C 14208,0.020494635090094415,0,1,1,0,1,Adulto
1,"Sunderland, Mr. Victor Francis",16.0,0,0,SOTON/OQ 392089,0.015712553569072387,0,1,0,1,1,Jovem
0,"Bracken, Mr. James H",27.0,0,0,220367,0.025374310111545468,0,1,1,0,1,Adulto
0,"Green, Mr. George Henry",51.0,0,0,21440,0.015712553569072387,0,1,0,1,1,Adulto
0,"Nenkoff, Mr. Christo",25.14061971830986,0,0,349234,0.015411575213749286,0,1,0,1,1,Adulto
1,"Hoyt, Mr. Frederick Maxfield",38.0,1,0,19943,0.17566830077223786,0,1,0,0,1,Adulto
0,"Berglund, Mr. Karl Ivar Sven",22.0,0,0,PP 4348,0.018249984580226933,0,1,0,1,1,Adulto
1,"Mellors, Mr. William John",19.0,0,0,SW/PP 751,0.020494635090094415,0,1,1,0,1,Adulto
0,"Lovell, Mr. John Hall (""Henry"")",20.5,0,0,A/5 21173,0.014151057562208049,0,1,0,1,1,Adulto
0,"Fahlstrom, Mr. Arne Jonas",18.0,0,0,236171,0.025374310111545468,0,1,1,0,1,Adulto
0,"Lefebre, Miss. Mathilde",25.14061971830986,3,1,4133,0.049707687947515,0,1,0,1,0,Adulto
1,"Harris, Mrs. Henry Birkhardt (Irene Wallach)",35.0,1,0,36973,0.16293234896625058,0,1,0,0,0,Adulto
0,"Larsson, Mr. Bengt Edvin",29.0,0,0,347067,0.015175789316712771,0,1,0,1,1,Adulto
0,"Sjostedt, Mr. Ernst Adolf",59.0,0,0,237442,0.026350245115835676,0,1,1,0,1,Adulto
1,"Asplund, Miss. Lillian Gertrud",5.0,4,2,347077,0.06126431989431795,0,1,0,1,0,Criança
0,"Leyson, Mr. Robert William Norman",24.0,0,0,C.A. 29566,0.020494635090094415,0,1,1,0,1,Adulto
0,"Harknett, Miss. Alice Phoebe",25.14061971830986,0,0,W./C. 6609,0.014736618564782174,0,1,0,1,0,Adulto
0,"Hold, Mr. Stephen",44.0,1,0,26707,0.050748620223090936,0,1,1,0,1,Adulto
1,"Collyer, Miss. Marjorie ""Lottie""",8.0,0,2,C.A. 31921,0.05123658772523604,0,1,1,0,0,Criança
0,"Pengelly, Mr. Frederick William",19.0,0,0,28665,0.020494635090094415,0,1,1,0,1,Adulto
0,"Hunt, Mr. George Henry",33.0,0,0,SCO/W 1585,0.023959204355324663,0,1,1,0,1,Adulto
0,"Zabour, Miss. Thamine",25.14061971830986,1,0,2665,0.028212719478023115,0,0,0,1,0,Adulto
1,"Murphy, Miss. Katherine ""Kate""",25.14061971830986,1,0,367230,0.030253985132996517,1,0,0,1,0,Adulto
0,"Coleridge, Mr. Reginald Charles",29.0,0,0,W./C. 14263,0.020494635090094415,0,1,1,0,1,Adulto
0,"Maenpaa, Mr. Matti Alexanteri",22.0,0,0,STON/O 2. 3101275,0.013907073811135496,0,1,0,1,1,Adulto
0,"Attalah, Mr. Sleiman",30.0,0,0,2694,0.014102260811993537,0,0,0,1,1,Adulto
0,"Minahan, Dr. William Edward",44.0,2,0,19928,0.17566830077223786,1,0,0,0,1,Adulto
0,"Lindahl, Miss. Agda Thorilda Viktoria",25.0,0,0,347071,0.015175789316712771,0,1,0,1,0,Adulto
1,"Hamalainen, Mrs. William (Anna)",24.0,0,2,250649,0.028302115124416098,0,1,1,0,0,Adulto
1,"Beckwith, Mr. Richard Leonard",37.0,1,1,11751,0.10257896680493714,0,1,0,0,1,Adulto
0,"Carter, Rev. Ernest Courtenay",54.0,1,0,244252,0.050748620223090936,0,1,1,0,1,Adulto
0,"Reed, Mr. James George",25.14061971830986,0,0,362316,0.014151057562208049,0,1,0,1,1,Adulto
0,"Strom, Mrs. Wilhelm (Elna Matilda Persson)",29.0,1,1,347054,0.02042143996477265,0,1,0,1,0,Adulto
0,"Stead, Mr. William Thomas",62.0,0,0,113514,0.051822148727810165,0,1,0,0,1,Idoso
0,"Lobb, Mr. William Arthur",30.0,1,0,A/5. 3336,0.031425107138144774,0,1,0,1,1,Adulto
0,"Rosblom, Mrs. Viktor (Helena Wilhelmina)",41.0,0,2,370129,0.039452172548431745,0,1,0,1,0,Adulto
1,"Touma, Mrs. Darwis (Hanne Youssef Razi)",29.0,0,2,2650,0.029757819776815374,0,0,0,1,0,Adulto
1,"Thorne, Mrs. Gertrude Maybelle",38.233440860215055,0,0,PC 17585,0.15458810467956932,0,0,0,0,0,Adulto
1,"Cherry, Miss. Gladys",30.0,0,0,110152,0.16883675574220638,0,1,0,0,0,Adulto
1,"Ward, Miss. Anna",35.0,0,0,PC 17755,1.0,0,0,0,0,0,Adulto
1,"Parrish, Mrs. (Lutie Davis)",50.0,0,1,230433,0.050748620223090936,0,1,1,0,0,Adulto
0,"Smith, Mr. Thomas",25.14061971830986,0,0,384461,0.015126992566498259,1,0,0,1,1,Adulto
1,"Asplund, Master. Edvin Rojj Felix",3.0,4,2,347077,0.06126431989431795,0,1,0,1,1,Criança
0,"Taussig, Mr. Emil",52.0,1,1,110413,0.1554664461834305,0,1,0,0,1,Adulto
0,"Harrison, Mr. William",40.0,0,0,112059,0.0,0,1,0,0,1,Adulto
0,"Henry, Miss. Delia",25.14061971830986,0,0,382649,0.015126992566498259,1,0,0,1,0,Adulto
0,"Reeves, Mr. David",36.0,0,0,C.A. 17248,0.020494635090094415,0,1,1,0,1,Adulto
0,"Panula, Mr. Ernesti Arvid",16.0,4,1,3101295,0.07746484096553544,0,1,0,1,1,Jovem
1,"Persson, Mr. Ernst Ulrik",25.0,1,0,347083,0.015175789316712771,0,1,0,1,1,Adulto
1,"Graham, Mrs. William Thompson (Edith Junkins)",58.0,0,1,PC 17582,0.2995388511917728,0,1,0,0,0,Adulto
1,"Bissette, Miss. Amelia",35.0,0,0,PC 17760,0.2647385704347907,0,1,0,0,0,Adulto
0,"Cairns, Mr. Alexander",38.233440860215055,0,0,113798,0.060507970265993034,0,1,0,0,1,Adulto
1,"Tornquist, Mr. William Henry",25.0,0,0,LINE,0.0,0,1,0,1,1,Adulto
1,"Mellinger, Mrs. (Elizabeth Anne Maidment)",41.0,0,1,250644,0.038061465167318204,0,1,1,0,0,Adulto
0,"Natsch, Mr. Charles H",37.0,0,1,PC 17596,0.057970539254838485,0,0,0,0,1,Adulto
1,"Healy, Miss. Hanora ""Nora""",25.14061971830986,0,0,370375,0.015126992566498259,1,0,0,1,0,Adulto
1,"Andrews, Miss. Kornelia Theodosia",63.0,1,0,13502,0.15216446768991498,0,1,0,0,0,Idoso
0,"Lindblom, Miss. Augusta Charlotta",45.0,0,0,347073,0.015126992566498259,0,1,0,1,0,Adulto
0,"Parkes, Mr. Francis ""Frank""",29.87763005780347,0,0,239853,0.0,0,1,1,0,1,Adulto
0,"Rice, Master. Eric",7.0,4,1,382652,0.05684821399990475,1,0,0,1,1,Criança
1,"Abbott, Mrs. Stanton (Rosa Hunt)",35.0,1,1,C.A. 2673,0.03952536767375352,0,1,0,1,0,Adulto
0,"Duane, Mr. Frank",65.0,0,0,336439,0.015126992566498259,1,0,0,1,1,Idoso
0,"Olsson, Mr. Nils Johan Goransson",28.0,0,0,347464,0.015330377421392339,0,1,0,1,1,Adulto
0,"de Pelsmaeker, Mr. Alfons",16.0,0,0,345778,0.018542765081513996,0,1,0,1,1,Jovem
1,"Dorking, Mr. Edward Arthur",19.0,0,0,A/5. 10482,0.015712553569072387,0,1,0,1,1,Adulto
0,"Smith, Mr. Richard William",38.233440860215055,0,0,113056,0.050748620223090936,0,1,0,0,1,Adulto
0,"Stankovic, Mr. Ivan",33.0,0,0,349239,0.016908073949327893,0,0,0,1,1,Adulto
1,"de Mulder, Mr. Theodore",30.0,0,0,345774,0.018542765081513996,0,1,0,1,1,Adulto
0,"Naidenoff, Mr. Penko",22.0,0,0,349206,0.015411575213749286,0,1,0,1,1,Adulto
1,"Hosono, Mr. Masabumi",42.0,0,0,237798,0.025374310111545468,0,1,1,0,1,Adulto
1,"Connolly, Miss. Kate",22.0,0,0,370373,0.015126992566498259,1,0,0,1,0,Adulto
1,"Barber, Miss. Ellen ""Nellie""",26.0,0,0,19877,0.15390495017656614,0,1,0,0,0,Adulto
1,"Bishop, Mrs. Dickinson H (Helen Walton)",19.0,1,0,11967,0.17777475888549785,0,0,0,0,0,Adulto
0,"Levy, Mr. Rene Jacques",36.0,0,0,SC/Paris 2163,0.025130326360472913,0,0,1,0,1,Adulto
0,"Haas, Miss. Aloisia",24.0,0,0,349236,0.01727404957593672,0,1,0,1,0,Adulto
0,"Mineff, Mr. Ivan",24.0,0,0,349233,0.015411575213749286,0,1,0,1,1,Adulto
0,"Lewy, Mr. Ervin G",38.233440860215055,0,0,PC 17612,0.05410739813385612,0,0,0,0,1,Adulto
0,"Hanna, Mr. Mansour",23.5,0,0,2693,0.014110458666029575,0,0,0,1,1,Adulto
0,"Allison, Miss. Helen Loraine",2.0,1,2,113781,0.29580589980036276,0,1,0,0,0,Criança
1,"Saalfeld, Mr. Adolphe",38.233440860215055,0,0,19988,0.05953203526170282,0,1,0,0,1,Adulto
1,"Baxter, Mrs. James (Helene DeLaudeniere Chaput)",50.0,0,1,PC 17558,0.4831284260198326,0,0,0,0,0,Adulto
1,"Kelly, Miss. Anna Katherine ""Annie Kate""",25.14061971830986,0,0,9234,0.015126992566498259,1,0,0,1,0,Adulto
1,"McCoy, Mr. Bernard",25.14061971830986,2,0,367226,0.04538097769949478,1,0,0,1,1,Adulto
0,"Johnson, Mr. William Cahoone Jr",19.0,0,0,LINE,0.0,0,1,0,1,1,Adulto
1,"Keane, Miss. Nora A",29.87763005780347,0,0,226593,0.024105594605968193,1,0,1,0,0,Adulto
0,"Williams, Mr. Howard Hugh ""Harry""",25.14061971830986,0,0,A/5 2466,0.015712553569072387,0,1,0,1,1,Adulto
1,"Allison, Master. Hudson Trevor",0.92,1,2,113781,0.29580589980036276,0,1,0,0,1,Criança
1,"Fleming, Miss. Margaret",38.233440860215055,0,0,17421,0.21642978772242535,0,0,0,0,0,Adulto
1,"Penasco y Castellana, Mrs. Victor de Satode (Maria Josefa Perez de Soto y Vallejo)",17.0,1,0,PC 17758,0.2125586439344078,0,0,0,0,0,Jovem
0,"Abelson, Mr. Samuel",30.0,1,0,P/PP 3381,0.04684488020593009,0,0,1,0,1,Adulto
1,"Francatelli, Miss. Laura Mabel",30.0,0,0,PC 17485,0.11111839809247648,0,0,0,0,0,Adulto
1,"Hays, Miss. Margaret Bechstein",24.0,0,0,11767,0.16231419173453318,0,0,0,0,0,Adulto
1,"Ryerson, Miss. Emily Borie",18.0,2,2,PC 17608,0.5121218935012878,0,0,0,0,0,Adulto
0,"Lahtinen, Mrs. William (Anna Sylfven)",26.0,1,1,250651,0.050748620223090936,0,1,1,0,0,Adulto
0,"Hendekovic, Mr. Ignjac",28.0,0,0,349243,0.015411575213749286,0,1,0,1,1,Adulto
0,"Hart, Mr. Benjamin",43.0,1,1,F.C.C. 13529,0.05123658772523604,0,1,1,0,1,Adulto
1,"Nilsson, Miss. Helmina Josefina",26.0,0,0,347470,0.015330377421392339,0,1,0,1,0,Adulto
1,"Kantor, Mrs. Sinai (Miriam Sternin)",24.0,1,0,244367,0.050748620223090936,0,1,1,0,0,Adulto
0,"Moraweck, Dr. Ernest",54.0,0,0,29011,0.027326180120125887,0,1,1,0,1,Adulto
1,"Wick, Miss. Mary Natalie",31.0,0,2,36928,0.32179836714362564,0,1,0,0,0,Adulto
1,"Spedden, Mrs. Frederic Oakley (Margaretta Corning Stone)",40.0,1,1,16966,0.2625265161540666,0,0,0,0,0,Adulto
0,"Dennis, Mr. Samuel",22.0,0,0,A/5 21172,0.014151057562208049,0,1,0,1,1,Adulto
0,"Danoff, Mr. Yoto",27.0,0,0,349219,0.015411575213749286,0,1,0,1,1,Adulto
1,"Slayter, Miss. Hilda Mary",30.0,0,0,234818,0.024105594605968193,1,0,1,0,0,Adulto
1,"Caldwell, Mrs. Albert Francis (Sylvia Mae Harbaugh)",22.0,1,1,248738,0.056604230248832196,0,1,1,0,0,Adulto
0,"Sage, Mr. George John Jr",25.14061971830986,8,2,CA. 2343,0.13575255909676825,0,1,0,1,1,Adulto
1,"Young, Miss. Marie Grice",36.0,0,0,PC 17760,0.2647385704347907,0,0,0,0,0,Adulto
0,"Nysveen, Mr. Johan Hansen",61.0,0,0,345364,0.012174789178520372,0,1,0,1,1,Idoso
1,"Ball, Mrs. (Ada E Hall)",36.0,0,0,28551,0.025374310111545468,0,1,1,0,0,Adulto
1,"Goldsmith, Mrs. Frank John (Emily Alice Brown)",31.0,1,1,363291,0.04006213192611313,0,1,0,1,0,Adulto
1,"Hippach, Miss. Jean Gertrude",16.0,0,1,111361,0.11316786160148591,0,0,0,0,0,Jovem
1,"McCoy, Miss. Agnes",25.14061971830986,2,0,367226,0.04538097769949478,1,0,0,1,0,Adulto
0,"Partner, Mr. Austen",45.5,0,0,113043,0.055628295244541985,0,1,0,0,1,Adulto
0,"Graham, Mr. George Edward",38.0,0,1,PC 17582,0.2995388511917728,0,1,0,0,1,Adulto
0,"Vander Planke, Mr. Leo Edmondus",16.0,2,0,345764,0.03513366015444757,0,1,0,1,1,Jovem
1,"Frauenthal, Mrs. Henry William (Clara Heinsheimer)",38.233440860215055,1,0,PC 17611,0.2608674266467732,0,1,0,0,0,Adulto
0,"Denkoff, Mr. Mitto",25.14061971830986,0,0,349225,0.015411575213749286,0,1,0,1,1,Adulto
0,"Pears, Mr. Thomas Clinton",29.0,1,0,113776,0.12999454257145598,0,1,0,0,1,Adulto
1,"Burns, Miss. Elizabeth Margaret",41.0,0,0,16966,0.2625265161540666,0,0,0,0,0,Adulto
1,"Dahl, Mr. Karl Edwart",45.0,0,0,7598,0.015712553569072387,0,1,0,1,1,Adulto
0,"Blackwell, Mr. Stephen Weart",45.0,0,0,113784,0.06929138530460494,0,1,0,0,1,Adulto
1,"Navratil, Master. Edmond Roger",2.0,1,1,230080,0.050748620223090936,0,1,1,0,1,Criança
1,"Fortune, Miss. Alice Elizabeth",24.0,3,2,19950,0.5133418122566507,0,1,0,0,0,Adulto
0,"Collander, Mr. Erik Gustaf",28.0,0,0,248740,0.025374310111545468,0,1,1,0,1,Adulto
0,"Sedgwick, Mr. Charles Frederick Waddington",25.0,0,0,244361,0.025374310111545468,0,1,1,0,1,Adulto
0,"Fox, Mr. Stanley Hubert",36.0,0,0,229236,0.025374310111545468,0,1,1,0,1,Adulto
1,"Brown, Miss. Amelia ""Mildred""",24.0,0,0,248733,0.025374310111545468,0,1,1,0,0,Adulto
1,"Smith, Miss. Marion Elsie",40.0,0,0,31418,0.025374310111545468,0,1,1,0,0,Adulto
1,"Davison, Mrs. Thomas Henry (Mary E Finck)",25.14061971830986,1,0,386525,0.031425107138144774,0,1,0,1,0,Adulto
1,"Coutts, Master. William Loch ""William""",3.0,1,1,C.A. 37671,0.031034733136428686,0,1,0,1,1,Criança
0,"Dimic, Mr. Jovan",42.0,0,0,315088,0.016908073949327893,0,1,0,1,1,Adulto
0,"Odahl, Mr. Nils Martin",23.0,0,0,7267,0.01800600082915438,0,1,0,1,1,Adulto
0,"Williams-Lambert, Mr. Fletcher Fellows",38.233440860215055,0,0,113510,0.06831545030031472,0,1,0,0,1,Adulto
0,"Elias, Mr. Tannous",15.0,1,1,2695,0.014110458666029575,0,0,0,1,1,Jovem
0,"Arnold-Franchi, Mr. Josef",25.0,1,0,349237,0.034743286152731485,0,1,0,1,1,Adulto
0,"Yousif, Mr. Wazli",25.14061971830986,0,0,2647,0.014102260811993537,0,0,0,1,1,Adulto
0,"Vanden Steen, Mr. Leo Peter",28.0,0,0,345783,0.018542765081513996,0,1,0,1,1,Adulto
1,"Bowerman, Miss. Elsie Edith",22.0,0,1,113505,0.10735285047192313,0,1,0,0,0,Adulto
0,"Funk, Miss. Annie Clemmer",38.0,0,0,237671,0.025374310111545468,0,1,1,0,0,Adulto
1,"McGovern, Miss. Mary",25.14061971830986,0,0,330931,0.01537917417160685,1,0,0,1,0,Adulto
1,"Mockler, Miss. Helen Mary ""Ellie""",25.14061971830986,0,0,330980,0.01537917417160685,1,0,0,1,0,Adulto
0,"Skoog, Mr. Wilhelm",40.0,1,4,347088,0.05445717323939373,0,1,0,1,1,Adulto
0,"del Carlo, Mr. Sebastiano",29.0,1,0,SC/PARIS 2167,0.05410739813385612,0,0,1,0,1,Adulto
0,"Barbara, Mrs. (Catherine David)",45.0,0,1,2691,0.028212719478023115,0,0,0,1,0,Adulto
0,"Asim, Mr. Adola",35.0,0,0,SOTON/O.Q. 3101310,0.013760683560491965,0,1,0,1,1,Adulto
0,"O'Brien, Mr. Thomas",25.14061971830986,1,0,370365,0.030253985132996517,1,0,0,1,1,Adulto
0,"Adahl, Mr. Mauritz Nils Martin",30.0,0,0,C 7076,0.014151057562208049,0,1,0,1,1,Adulto
1,"Warren, Mrs. Frank Manley (Anna Sophia Atkinson)",60.0,1,0,110813,0.14687821814567664,0,0,0,0,0,Idoso
1,"Moussa, Mrs. (Mantoura Boulos)",25.14061971830986,0,0,2626,0.014110458666029575,0,0,0,1,0,Adulto
1,"Jermyn, Miss. Annie",25.14061971830986,0,0,14313,0.015126992566498259,1,0,0,1,0,Adulto
1,"Aubart, Mme. Leontine Pauline",24.0,0,0,PC 17477,0.13526459159462315,0,0,0,0,0,Adulto
1,"Harder, Mr. George Achilles",25.0,1,0,11765,0.1082149914547131,0,0,0,0,1,Adulto
0,"Wiklund, Mr. Jakob Alfred",18.0,1,0,3101267,0.012678957201736696,0,1,0,1,1,Adulto
0,"Beavan, Mr. William Thomas",19.0,0,0,323951,0.015712553569072387,0,1,0,1,1,Adulto
0,"Ringhini, Mr. Sante",22.0,0,0,PC 17760,0.2647385704347907,0,0,0,0,1,Adulto
0,"Palsson, Miss. Stina Viola",3.0,3,1,349909,0.04113566043083236,0,1,0,1,0,Criança
1,"Meyer, Mrs. Edgar Joseph (Leila Saks)",38.233440860215055,1,0,PC 17604,0.16038672010106003,0,0,0,0,0,Adulto
1,"Landergren, Miss. Aurora Adelia",22.0,0,0,C 7077,0.014151057562208049,0,1,0,1,0,Adulto
0,"Widener, Mr. Harry Elkins",27.0,0,2,113503,0.41282050681475896,0,0,0,0,1,Adulto
0,"Betros, Mr. Tannous",20.0,0,0,2648,0.007831878409428937,0,0,0,1,1,Adulto
0,"Gustafsson, Mr. Karl Gideon",19.0,0,0,347069,0.015175789316712771,0,1,0,1,1,Adulto
1,"Bidois, Miss. Rosalie",42.0,0,0,PC 17757,0.4440992237022602,0,0,0,0,0,Adulto
1,"Nakid, Miss. Maria (""Mary"")",1.0,0,2,2653,0.030725752114070404,0,0,0,1,0,Criança
0,"Tikkanen, Mr. Juho",32.0,0,0,STON/O 2. 3101293,0.015468569817999833,0,1,0,1,1,Adulto
1,"Holverson, Mrs. Alexander Oskar (Mary Aline Towner)",35.0,1,0,113789,0.10149724044618187,0,1,0,0,0,Adulto
0,"Plotcharsky, Mr. Vasil",25.14061971830986,0,0,349227,0.015411575213749286,0,1,0,1,1,Adulto
0,"Davies, Mr. Charles Henry",18.0,0,0,S.O.C. 14879,0.1434624456306609,0,1,1,0,1,Adulto
0,"Goodwin, Master. Sidney Leonard",1.0,5,2,CA 2144,0.09154270340242172,0,1,0,1,1,Criança
1,"Buss, Miss. Kate",36.0,0,0,27849,0.025374310111545468,0,1,1,0,0,Adulto
0,"Sadlier, Mr. Matthew",25.14061971830986,0,0,367655,0.015086393670319786,1,0,0,1,1,Adulto
1,"Lehmann, Miss. Bertha",17.0,0,0,SC 1748,0.023422440102965045,0,0,1,0,0,Jovem
1,"Carter, Mr. William Ernest",36.0,1,2,113760,0.23422440102965048,0,1,0,0,1,Adulto
1,"Jansson, Mr. Carl Olof",21.0,0,0,350034,0.015216388212891242,0,1,0,1,1,Adulto
0,"Gustafsson, Mr. Johan Birger",28.0,2,0,3101277,0.015468569817999833,0,1,0,1,1,Adulto
1,"Newell, Miss. Marjorie",23.0,1,0,35273,0.22109807522194713,0,0,0,0,0,Adulto
1,"Sandstrom, Mrs. Hjalmar (Agnes Charlotta Bengtsson)",24.0,0,2,PP 9549,0.03259622914329302,0,1,0,1,0,Adulto
0,"Johansson, Mr. Erik",22.0,0,0,350052,0.015216388212891242,0,1,0,1,1,Adulto
0,"Olsson, Miss. Elina",31.0,0,0,350407,0.015330377421392339,0,1,0,1,0,Adulto
0,"McKane, Mr. Peter David",46.0,0,0,28403,0.050748620223090936,0,1,1,0,1,Adulto
0,"Pain, Dr. Alfred",23.0,0,0,244278,0.020494635090094415,0,1,1,0,1,Adulto
1,"Trout, Mrs. William H (Jessie L)",28.0,0,0,240929,0.02469115560854232,0,1,1,0,0,Adulto
1,"Niskanen, Mr. Juha",39.0,0,0,STON/O 2. 3101289,0.015468569817999833,0,1,0,1,1,Adulto
0,"Adams, Mr. John",26.0,0,0,341826,0.015712553569072387,0,1,0,1,1,Adulto
0,"Jussila, Miss. Mari Aina",21.0,1,0,4137,0.019177122834302632,0,1,0,1,0,Adulto
0,"Hakkarainen, Mr. Pekka Pietari",28.0,1,0,STON/O2. 3101279,0.030937139635999665,0,1,0,1,1,Adulto
0,"Oreskovic, Miss. Marija",20.0,0,0,315096,0.016908073949327893,0,1,0,1,0,Adulto
0,"Gale, Mr. Shadrach",34.0,1,0,28664,0.04098927018018883,0,1,1,0,1,Adulto
0,"Widegren, Mr. Carl/Charles Peter",51.0,0,0,347064,0.015126992566498259,0,1,0,1,1,Adulto
1,"Richards, Master. William Rowe",3.0,1,1,29106,0.03659756266088288,0,1,1,0,1,Criança
0,"Birkeland, Mr. Hans Martin Monsen",21.0,0,0,312992,0.015175789316712771,0,1,0,1,1,Adulto
0,"Lefebre, Miss. Ida",25.14061971830986,3,1,4133,0.049707687947515,0,1,0,1,0,Adulto
0,"Sdycoff, Mr. Todor",25.14061971830986,0,0,349222,0.015411575213749286,0,1,0,1,1,Adulto
0,"Hart, Mr. Henry",25.14061971830986,0,0,394140,0.013386510079847098,1,0,0,1,1,Adulto
1,"Minahan, Miss. Daisy E",33.0,1,0,19928,0.17566830077223786,1,0,0,0,0,Adulto
0,"Cunningham, Mr. Alfred Fleming",29.87763005780347,0,0,239853,0.0,0,1,1,0,1,Adulto
1,"Sundman, Mr. Johan Julian",44.0,0,0,STON/O 2. 3101269,0.015468569817999833,0,1,0,1,1,Adulto
0,"Meek, Mrs. Thomas (Annie Louise Rowley)",25.14061971830986,0,0,343095,0.015712553569072387,0,1,0,1,0,Adulto
1,"Drew, Mrs. James Vivian (Lulu Thorne Christian)",34.0,1,1,28220,0.06343577527886367,0,1,1,0,0,Adulto
1,"Silven, Miss. Lyyli Karoliina",18.0,0,2,250652,0.025374310111545468,0,1,1,0,0,Adulto
0,"Matthews, Mr. William John",30.0,0,0,28228,0.025374310111545468,0,1,1,0,1,Adulto
0,"Van Impe, Miss. Catharina",10.0,0,2,345773,0.04713766070721715,0,1,0,1,0,Criança
0,"Gheorgheff, Mr. Stanio",25.14061971830986,0,0,349254,0.015411575213749286,0,0,0,1,1,Adulto
0,"Charters, Mr. David",21.0,0,0,A/5. 13032,0.015094396337354966,1,0,0,1,1,Adulto
0,"Zimmerman, Mr. Leo",29.0,0,0,315082,0.015370976317570811,0,1,0,1,1,Adulto
0,"Danbom, Mrs. Ernst Gilbert (Anna Sigrid Maria Brogren)",28.0,1,1,347080,0.028106928123558056,0,1,0,1,0,Adulto
0,"Rosblom, Mr. Viktor Richard",18.0,1,1,370129,0.039452172548431745,0,1,0,1,1,Adulto
0,"Wiseman, Mr. Phillippe",25.14061971830986,0,0,A/4. 34244,0.014151057562208049,0,1,0,1,1,Adulto
1,"Clarke, Mrs. Charles V (Ada Maria Winfield)",28.0,1,0,2003,0.050748620223090936,0,1,1,0,0,Adulto
1,"Phillips, Miss. Kate Florence (""Mrs Kate Louise Phillips Marshall"")",19.0,0,0,250655,0.050748620223090936,0,1,1,0,0,Adulto
0,"Flynn, Mr. James",25.14061971830986,0,0,364851,0.015126992566498259,1,0,0,1,1,Adulto
1,"Pickard, Mr. Berk (Berk Trembisky)",32.0,0,0,SOTON/O.Q. 392078,0.015712553569072387,0,1,0,1,1,Adulto
1,"Bjornstrom-Steffansson, Mr. Mauritz Hakan",28.0,0,0,110564,0.051822148727810165,0,1,0,0,1,Adulto
1,"Thorneycroft, Mrs. Percival (Florence Kate White)",25.14061971830986,1,0,376564,0.031425107138144774,0,1,0,1,0,Adulto
1,"Louch, Mrs. Charles Alexander (Alice Adelaide Slow)",42.0,1,0,SC/AH 3085,0.050748620223090936,0,1,1,0,0,Adulto
0,"Kallio, Mr. Nikolai Erland",17.0,0,0,STON/O 2. 3101274,0.013907073811135496,0,1,0,1,1,Jovem
0,"Silvey, Mr. William Baird",50.0,1,0,13507,0.1091095334796455,0,1,0,0,1,Adulto
1,"Carter, Miss. Lucile Polk",14.0,1,2,113760,0.23422440102965048,0,1,0,0,0,Jovem
0,"Ford, Miss. Doolina Margaret ""Daisy""",21.0,2,2,W./C. 6608,0.06709553154495196,0,1,0,1,0,Adulto
1,"Richards, Mrs. Sidney (Emily Hocking)",24.0,2,3,29106,0.03659756266088288,0,1,1,0,0,Adulto
0,"Fortune, Mr. Mark",64.0,1,4,19950,0.5133418122566507,0,1,0,0,1,Idoso
0,"Kvillner, Mr. Johan Henrik Johannesson",31.0,0,0,C.A. 18723,0.020494635090094415,0,1,1,0,1,Adulto
1,"Hart, Mrs. Benjamin (Esther Ada Bloomfield)",45.0,1,1,F.C.C. 13529,0.05123658772523604,0,1,1,0,0,Adulto
0,"Hampe, Mr. Leon",20.0,0,0,345769,0.018542765081513996,0,1,0,1,1,Adulto
0,"Petterson, Mr. Johan Emil",25.0,1,0,347076,0.015175789316712771,0,1,0,1,1,Adulto
1,"Reynaldo, Ms. Encarnacion",28.0,0,0,230434,0.025374310111545468,0,1,1,0,0,Adulto
1,"Johannesen-Bratthammer, Mr. Bernt",25.14061971830986,0,0,65306,0.015834545444608664,0,1,0,1,1,Adulto
1,"Dodge, Master. Washington",4.0,0,2,33638,0.15977676072337862,0,1,0,0,1,Criança
1,"Mellinger, Miss. Madeleine Violet",13.0,0,1,250644,0.038061465167318204,0,1,1,0,0,Jovem
1,"Seward, Mr. Frederic Kimber",34.0,0,0,113794,0.051822148727810165,0,1,0,0,1,Adulto
1,"Baclini, Miss. Marie Catherine",5.0,2,1,2666,0.03758969818624431,0,0,0,1,0,Criança
1,"Peuchen, Major. Arthur Godfrey",52.0,0,0,113786,0.05953203526170282,0,1,0,0,1,Adulto
0,"West, Mr. Edwy Arthur",36.0,1,2,C.A. 34651,0.05416439273810667,0,1,1,0,1,Adulto
0,"Hagland, Mr. Ingvald Olai Olsen",25.14061971830986,1,0,65303,0.03897240290032268,0,1,0,1,1,Adulto
0,"Foreman, Mr. Benjamin Laventall",30.0,0,0,113051,0.05416439273810667,0,0,0,0,1,Adulto
1,"Goldenberg, Mr. Samuel L",49.0,1,0,17453,0.17391981561855152,0,0,0,0,1,Adulto
0,"Peduzzi, Mr. Joseph",25.14061971830986,0,0,A/5 2817,0.015712553569072387,0,1,0,1,1,Adulto
1,"Jalsevac, Mr. Ivan",29.0,0,0,349240,0.015411575213749286,0,0,0,1,1,Adulto
0,"Millet, Mr. Francis Davis",65.0,0,0,13509,0.051822148727810165,0,1,0,0,1,Idoso
1,"Kenyon, Mrs. Frederick R (Marion)",38.233440860215055,1,0,17464,0.10122885832000206,0,1,0,0,0,Adulto
1,"Toomey, Miss. Ellen",50.0,0,0,F.C.C. 13531,0.020494635090094415,0,1,1,0,0,Adulto
0,"O'Connor, Mr. Maurice",25.14061971830986,0,0,371060,0.015126992566498259,1,0,0,1,1,Adulto
1,"Anderson, Mr. Harry",48.0,0,0,19952,0.051822148727810165,0,1,0,0,1,Adulto
0,"Morley, Mr. William",34.0,0,0,364506,0.015712553569072387,0,1,0,1,1,Adulto
0,"Gee, Mr. Arthur H",47.0,0,0,111320,0.07514699533034619,0,1,0,0,1,Adulto
0,"Milling, Mr. Jacob Christian",48.0,0,0,234360,0.025374310111545468,0,1,1,0,1,Adulto
0,"Maisner, Mr. Simon",25.14061971830986,0,0,A/S 2816,0.015712553569072387,0,1,0,1,1,Adulto
0,"Goncalves, Mr. Manuel Estanslas",38.0,0,0,SOTON/O.Q. 3101306,0.013760683560491965,0,1,0,1,1,Adulto
0,"Campbell, Mr. William",29.87763005780347,0,0,239853,0.0,0,1,1,0,1,Adulto
0,"Smart, Mr. John Montgomery",56.0,0,0,113792,0.051822148727810165,0,1,0,0,1,Adulto
0,"Scanlan, Mr. James",25.14061971830986,0,0,36209,0.015078195816283748,1,0,0,1,1,Adulto
1,"Baclini, Miss. Helene Barbara",0.75,2,1,2666,0.03758969818624431,0,0,0,1,0,Criança
0,"Keefe, Mr. Arthur",25.14061971830986,0,0,323592,0.014151057562208049,0,1,0,1,1,Adulto
0,"Cacic, Mr. Luka",38.0,0,0,315089,0.016908073949327893,0,1,0,1,1,Adulto
1,"West, Mrs. Edwy Arthur (Ada Mary Worth)",33.0,1,2,C.A. 34651,0.05416439273810667,0,1,1,0,0,Adulto
1,"Jerwan, Mrs. Amin S (Marie Marthe Thuillard)",23.0,0,0,SC/AH Basle 541,0.026919605597338588,0,0,1,0,0,Adulto
0,"Strandberg, Miss. Ida Sofia",22.0,0,0,7553,0.019201521209409888,0,1,0,1,0,Adulto
0,"Clifford, Mr. George Quincy",38.233440860215055,0,0,110465,0.10149724044618187,0,1,0,0,1,Adulto
0,"Renouf, Mr. Peter Henry",34.0,1,0,31027,0.04098927018018883,0,1,1,0,1,Adulto
0,"Braund, Mr. Lewis Richard",29.0,1,0,3460,0.013752485706455927,0,1,0,1,1,Adulto
0,"Karlsson, Mr. Nils August",22.0,0,0,350060,0.014679623960531627,0,1,0,1,1,Adulto
1,"Hirvonen, Miss. Hildur E",2.0,0,1,3101298,0.023983602730431916,0,1,0,1,0,Criança
0,"Goodwin, Master. Harold Victor",9.0,5,2,CA 2144,0.09154270340242172,0,1,0,1,1,Criança
0,"Frost, Mr. Anthony Wood ""Archie""",29.87763005780347,0,0,239854,0.0,0,1,1,0,1,Adulto
0,"Rouse, Mr. Richard Henry",50.0,0,0,A/5 3594,0.015712553569072387,0,1,0,1,1,Adulto
1,"Turkula, Mrs. (Hedwig)",63.0,0,0,4134,0.018713553707264782,0,1,0,1,0,Idoso
1,"Bishop, Mr. Dickinson H",25.0,1,0,11967,0.17777475888549785,0,0,0,0,1,Adulto
0,"Lefebre, Miss. Jeannie",25.14061971830986,3,1,4133,0.049707687947515,0,1,0,1,0,Adulto
1,"Hoyt, Mrs. Frederick Maxfield (Jane Anne Forby)",35.0,1,0,19943,0.17566830077223786,0,1,0,0,0,Adulto
0,"Kent, Mr. Edward Austin",58.0,0,0,11771,0.057970539254838485,0,0,0,0,1,Adulto
0,"Somerton, Mr. Francis William",30.0,0,0,A.5. 18509,0.015712553569072387,0,1,0,1,1,Adulto
1,"Coutts, Master. Eden Leslie ""Neville""",9.0,1,1,C.A. 37671,0.031034733136428686,0,1,0,1,1,Criança
0,"Hagland, Mr. Konrad Mathias Reiersen",25.14061971830986,1,0,65304,0.03897240290032268,0,1,0,1,1,Adulto
0,"Windelov, Mr. Einar",21.0,0,0,SOTON/OQ 3101317,0.014151057562208049,0,1,0,1,1,Adulto
0,"Molson, Mr. Harry Markland",55.0,0,0,113787,0.05953203526170282,0,1,0,0,1,Adulto
0,"Artagaveytia, Mr. Ramon",71.0,0,0,PC 17609,0.09662576327876685,0,0,0,0,1,Idoso
0,"Stanley, Mr. Edward Roland",21.0,0,0,A/4 45380,0.015712553569072387,0,1,0,1,1,Adulto
0,"Yousseff, Mr. Gerious",25.14061971830986,0,0,2627,0.028220722145058292,0,0,0,1,1,Adulto
1,"Eustis, Miss. Elizabeth Mussey",54.0,1,0,36947,0.1527664244005612,0,0,0,0,0,Adulto
0,"Shellard, Mr. Frederick William",25.14061971830986,0,0,C.A. 6212,0.029473237129564348,0,1,0,1,1,Adulto
0,"Allison, Mrs. Hudson J C (Bessie Waldo Daniels)",25.0,1,2,113781,0.29580589980036276,0,1,0,0,0,Adulto
0,"Svensson, Mr. Olof",24.0,0,0,350035,0.015216388212891242,0,1,0,1,1,Adulto
0,"Calic, Mr. Petar",17.0,0,0,315086,0.016908073949327893,0,1,0,1,1,Jovem
0,"Canavan, Miss. Mary",21.0,0,0,364846,0.015126992566498259,1,0,0,1,0,Adulto
0,"O'Sullivan, Miss. Bridget Mary",25.14061971830986,0,0,330909,0.014891206669461744,1,0,0,1,0,Adulto
0,"Laitinen, Miss. Kristina Sofia",37.0,0,0,4135,0.018713553707264782,0,1,0,1,0,Adulto
1,"Maioni, Miss. Roberta",16.0,0,0,110152,0.16883675574220638,0,1,0,0,0,Jovem
0,"Penasco y Castellana, Mr. Victor de Satode",18.0,1,0,PC 17758,0.2125586439344078,0,0,0,0,1,Adulto
1,"Quick, Mrs. Frederick Charles (Jane Richards)",33.0,0,2,26360,0.050748620223090936,0,1,1,0,0,Adulto
1,"Bradley, Mr. George (""George Arthur Brayton"")",38.233440860215055,0,0,111427,0.051822148727810165,0,1,0,0,1,Adulto
0,"Olsen, Mr. Henry Margido",28.0,0,0,C 4001,0.04396587194327397,0,1,0,1,1,Adulto
1,"Lang, Mr. Fang",26.0,0,0,1601,0.11027245763075773,0,1,0,1,1,Adulto
1,"Daly, Mr. Eugene Patrick",29.0,0,0,382651,0.015126992566498259,1,0,0,1,1,Adulto
0,"Webber, Mr. James",25.14061971830986,0,0,SOTON/OQ 3101316,0.015712553569072387,0,1,0,1,1,Adulto
1,"McGough, Mr. James Robert",36.0,0,0,PC 17473,0.05130978285055781,0,1,0,0,1,Adulto
1,"Rothschild, Mrs. Martin (Elizabeth L. Barrett)",54.0,1,0,PC 17603,0.11594107850967697,0,0,0,0,0,Adulto
0,"Coleff, Mr. Satio",24.0,0,0,349209,0.014630827210317117,0,1,0,1,1,Adulto
0,"Walker, Mr. William Anderson",47.0,0,0,36967,0.06640417918791278,0,1,0,0,1,Adulto
1,"Lemore, Mrs. (Amelia Milley)",34.0,0,0,C.A. 34260,0.020494635090094415,0,1,1,0,0,Adulto
0,"Ryan, Mr. Patrick",25.14061971830986,0,0,371110,0.04713766070721715,1,0,0,1,1,Adulto
1,"Angle, Mrs. William A (Florence ""Mary"" Agnes Hughes)",36.0,1,0,226875,0.050748620223090936,0,1,1,0,0,Adulto
0,"Pavlovic, Mr. Stefo",32.0,0,0,349242,0.015411575213749286,0,1,0,1,1,Adulto
1,"Perreault, Miss. Anne",30.0,0,0,12749,0.18249984580226933,0,1,0,0,0,Adulto
0,"Vovk, Mr. Janko",22.0,0,0,349252,0.015411575213749286,0,1,0,1,1,Adulto
0,"Lahoud, Mr. Sarkis",25.14061971830986,0,0,2624,0.014102260811993537,0,0,0,1,1,Adulto
1,"Hippach, Mrs. Louis Albert (Ida Sophia Fischer)",44.0,0,1,111361,0.11316786160148591,0,0,0,0,0,Adulto
0,"Kassem, Mr. Fared",25.14061971830986,0,0,2700,0.014110458666029575,0,0,0,1,1,Adulto
0,"Farrell, Mr. James",40.5,0,0,367232,0.015126992566498259,1,0,0,1,1,Adulto
1,"Ridsdale, Miss. Lucy",50.0,0,0,W./C. 14258,0.020494635090094415,0,1,1,0,0,Adulto
0,"Farthing, Mr. John",38.233440860215055,0,0,PC 17483,0.4328841690069588,0,1,0,0,1,Adulto
0,"Salonen, Mr. Johan Werner",39.0,0,0,3101296,0.015468569817999833,0,1,0,1,1,Adulto
0,"Hocking, Mr. Richard George",23.0,2,1,29104,0.022446505098674838,0,1,1,0,1,Adulto
1,"Quick, Miss. Phyllis May",2.0,1,1,26360,0.050748620223090936,0,1,1,0,0,Criança
0,"Toufik, Mr. Nakli",25.14061971830986,0,0,2641,0.014110458666029575,0,0,0,1,1,Adulto
0,"Elias, Mr. Joseph Jr",17.0,1,1,2690,0.014110458666029575,0,0,0,1,1,Jovem
1,"Peter, Mrs. Catherine (Catherine Rizk)",25.14061971830986,0,2,2668,0.04364049521284362,0,0,0,1,0,Adulto
0,"Cacic, Miss. Marija",30.0,0,0,315084,0.016908073949327893,0,1,0,1,0,Adulto
1,"Hart, Miss. Eva Miriam",7.0,0,2,F.C.C. 13529,0.05123658772523604,0,1,1,0,0,Criança
0,"Butt, Major. Archibald Willingham",45.0,0,0,113050,0.051822148727810165,0,1,0,0,1,Adulto
1,"LeRoy, Miss. Bertha",30.0,0,0,PC 17761,0.20772776566317125,0,0,0,0,0,Adulto
0,"Risien, Mr. Samuel Beard",25.14061971830986,0,0,364498,0.028302115124416098,0,1,0,1,1,Adulto
1,"Frolicher, Miss. Hedwig Margaritha",22.0,0,2,13568,0.09661756542473082,0,0,0,0,0,Adulto
1,"Crosby, Miss. Harriet R",36.0,0,2,WE/P 5735,0.13858277060920987,0,1,0,0,0,Adulto
0,"Andersson, Miss. Ingeborg Constanzia",9.0,4,2,347082,0.06104473451835265,0,1,0,1,0,Criança
0,"Andersson, Miss. Sigrid Elisabeth",11.0,4,2,347082,0.06104473451835265,0,1,0,1,0,Criança
1,"Beane, Mr. Edward",32.0,1,0,2908,0.050748620223090936,0,1,1,0,1,Adulto
0,"Douglas, Mr. Walter Donald",50.0,1,0,PC 17761,0.20772776566317125,0,0,0,0,1,Adulto
0,"Nicholson, Mr. Arthur Ernest",64.0,0,0,693,0.050748620223090936,0,1,0,0,1,Idoso
1,"Beane, Mrs. Edward (Ethel Clarke)",19.0,1,0,2908,0.050748620223090936,0,1,1,0,0,Adulto
1,"Padro y Manent, Mr. Julian",29.87763005780347,0,0,SC/PARIS 2146,0.02705779799394608,0,0,1,0,1,Adulto
0,"Goldsmith, Mr. Frank John",33.0,1,1,363291,0.04006213192611313,0,1,0,1,1,Adulto
1,"Davies, Master. John Morgan Jr",8.0,1,1,C.A. 33112,0.07173122281533045,0,1,1,0,1,Criança
1,"Thayer, Mr. John Borland Jr",17.0,0,2,17421,0.21642978772242535,0,0,0,0,1,Jovem
0,"Sharp, Mr. Percival James R",27.0,0,0,244358,0.050748620223090936,0,1,1,0,1,Adulto
0,"O'Brien, Mr. Timothy",25.14061971830986,0,0,330979,0.015281580671177828,1,0,0,1,1,Adulto
1,"Leeni, Mr. Fahim (""Philip Zenni"")",22.0,0,0,2620,0.014102260811993537,0,0,0,1,1,Adulto
1,"Ohman, Miss. Velin",22.0,0,0,347085,0.015175789316712771,0,1,0,1,0,Adulto
0,"Wright, Mr. George",62.0,0,0,113807,0.051822148727810165,0,1,0,0,1,Idoso
1,"Duff Gordon, Lady. (Lucille Christiana Sutherland) (""Mrs Morgan"")",48.0,1,0,11755,0.07729405233978466,0,0,0,0,0,Adulto
0,"Robbins, Mr. Victor",38.233440860215055,0,0,PC 17757,0.4440992237022602,0,0,0,0,1,Adulto
1,"Taussig, Mrs. Emil (Tillie Mandelbaum)",39.0,1,1,110413,0.1554664461834305,0,1,0,0,0,Adulto
1,"de Messemaeker, Mrs. Guillaume Joseph (Emma)",36.0,1,0,345572,0.033962538149299316,0,1,0,1,0,Adulto
0,"Morrow, Mr. Thomas Rowan",25.14061971830986,0,0,372622,0.015126992566498259,1,0,0,1,1,Adulto
0,"Sivic, Mr. Husein",40.0,0,0,349251,0.015411575213749286,0,1,0,1,1,Adulto
0,"Norman, Mr. Robert Douglas",28.0,0,0,218629,0.026350245115835676,0,1,1,0,1,Adulto
0,"Simmons, Mr. John",25.14061971830986,0,0,SOTON/OQ 392082,0.015712553569072387,0,1,0,1,1,Adulto
0,"Meanwell, Miss. (Marion Ogden)",25.14061971830986,0,0,SOTON/O.Q. 392087,0.015712553569072387,0,1,0,1,0,Adulto
0,"Davies, Mr. Alfred J",24.0,2,0,A/4 48871,0.04713766070721715,0,1,0,1,1,Adulto
0,"Stoytcheff, Mr. Ilia",19.0,0,0,349205,0.015411575213749286,0,1,0,1,1,Adulto
0,"Palsson, Mrs. Nils (Alma Cornelia Berglund)",29.0,0,4,349909,0.04113566043083236,0,1,0,1,0,Adulto
0,"Doharr, Mr. Tannous",25.14061971830986,0,0,2686,0.014110458666029575,0,0,0,1,1,Adulto
1,"Jonsson, Mr. Carl",32.0,0,0,350417,0.015330377421392339,0,1,0,1,1,Adulto
1,"Harris, Mr. George",62.0,0,0,S.W./PP 752,0.020494635090094415,0,1,1,0,1,Idoso
1,"Appleton, Mrs. Edward Dale (Charlotte Lamson)",53.0,2,0,11769,0.10048070654571319,0,1,0,0,0,Adulto
1,"Flynn, Mr. John Irwin (""Irving"")",36.0,0,0,PC 17474,0.051504969851415845,0,1,0,0,1,Adulto
1,"Kelly, Miss. Mary",25.14061971830986,0,0,14312,0.015126992566498259,1,0,0,1,0,Adulto
0,"Rush, Mr. Alfred George John",16.0,0,0,A/4. 20589,0.015712553569072387,0,1,0,1,1,Jovem
0,"Patchett, Mr. George",19.0,0,0,358585,0.028302115124416098,0,1,0,1,1,Adulto
1,"Garside, Miss. Ethel",34.0,0,0,243880,0.025374310111545468,0,1,1,0,0,Adulto
1,"Silvey, Mrs. William Baird (Alice Munger)",39.0,1,0,13507,0.1091095334796455,0,1,0,0,0,Adulto
0,"Caram, Mrs. Joseph (Maria Elias)",25.14061971830986,1,0,2689,0.028220722145058292,0,0,0,1,0,Adulto
1,"Jussila, Mr. Eiriik",32.0,0,0,STON/O 2. 3101286,0.015468569817999833,0,1,0,1,1,Adulto
1,"Christy, Miss. Julie Rachel",25.0,1,1,237789,0.05855610025741262,0,1,1,0,0,Adulto
1,"Thayer, Mrs. John Borland (Marian Longstreth Morris)",39.0,1,1,17421,0.21642978772242535,0,0,0,0,0,Adulto
0,"Downton, Mr. William James",54.0,0,0,28403,0.050748620223090936,0,1,1,0,1,Adulto
0,"Ross, Mr. John Hugo",36.0,0,0,13049,0.07831878409428937,0,0,0,0,1,Adulto
0,"Paulner, Mr. Uscher",25.14061971830986,0,0,3411,0.017005667449756914,0,0,0,1,1,Adulto
1,"Taussig, Miss. Ruth",18.0,0,2,110413,0.1554664461834305,0,1,0,0,0,Adulto
0,"Jarvis, Mr. John Denzil",47.0,0,0,237565,0.02927805012870631,0,1,1,0,1,Adulto
1,"Frolicher-Stehli, Mr. Maxmillian",60.0,1,1,13567,0.15458810467956932,0,0,0,0,1,Idoso
0,"Gilinski, Mr. Eliezer",22.0,0,0,14973,0.015712553569072387,0,1,0,1,1,Adulto
0,"Murdlin, Mr. Joseph",25.14061971830986,0,0,A./5. 3235,0.015712553569072387,0,1,0,1,1,Adulto
0,"Rintamaki, Mr. Matti",35.0,0,0,STON/O 2. 3101273,0.013907073811135496,0,1,0,1,1,Adulto
1,"Stephenson, Mrs. Walter Bertram (Martha Eustis)",52.0,1,0,36947,0.1527664244005612,0,0,0,0,0,Adulto
0,"Elsbury, Mr. William James",47.0,0,0,A/5 3902,0.014151057562208049,0,1,0,1,1,Adulto
0,"Bourke, Miss. Mary",25.14061971830986,0,2,364848,0.015126992566498259,1,0,0,1,0,Adulto
0,"Chapman, Mr. John Henry",37.0,1,0,SC/AH 29037,0.050748620223090936,0,1,1,0,1,Adulto
0,"Van Impe, Mr. Jean Baptiste",36.0,1,1,345773,0.04713766070721715,0,1,0,1,1,Adulto
1,"Leitch, Miss. Jessie Wills",29.87763005780347,0,0,248727,0.06441171028315387,0,1,1,0,0,Adulto
0,"Johnson, Mr. Alfred",49.0,0,0,LINE,0.0,0,1,0,1,1,Adulto
0,"Boulos, Mr. Hanna",25.14061971830986,0,0,2664,0.014102260811993537,0,0,0,1,1,Adulto
1,"Duff Gordon, Sir. Cosmo Edmund (""Mr Morgan"")",49.0,1,0,PC 17485,0.11111839809247648,0,0,0,0,1,Adulto
1,"Jacobsohn, Mrs. Sidney Samuel (Amy Frances Christy)",24.0,2,1,243847,0.05270049023167135,0,1,1,0,0,Adulto
0,"Slabenoff, Mr. Petco",25.14061971830986,0,0,349214,0.015411575213749286,0,1,0,1,1,Adulto
0,"Harrington, Mr. Charles H",38.233440860215055,0,0,113796,0.08275928836380983,0,1,0,0,1,Adulto
0,"Torber, Mr. Ernst William",44.0,0,0,364511,0.015712553569072387,0,1,0,1,1,Adulto
1,"Homer, Mr. Harry (""Mr E Haven"")",35.0,0,0,111426,0.051822148727810165,0,0,0,0,1,Adulto
0,"Lindell, Mr. Edvard Bengtsson",36.0,1,0,349910,0.030351578633425542,0,1,0,1,1,Adulto
0,"Karaic, Mr. Milan",30.0,0,0,349246,0.015411575213749286,0,1,0,1,1,Adulto
1,"Daniel, Mr. Robert Williams",27.0,0,0,113804,0.05953203526170282,0,1,0,0,1,Adulto
1,"Laroche, Mrs. Joseph (Juliette Marie Louise Lafargue)",22.0,1,2,SC/Paris 2123,0.08115719346076702,0,0,1,0,0,Adulto
1,"Shutes, Miss. Elizabeth W",40.0,0,0,PC 17582,0.2995388511917728,0,1,0,0,0,Adulto
0,"Andersson, Mrs. Anders Johan (Alfrida Konstantia Brogren)",39.0,1,5,347082,0.06104473451835265,0,1,0,1,0,Adulto
0,"Jardin, Mr. Jose Neto",25.14061971830986,0,0,SOTON/O.Q. 3101305,0.013760683560491965,0,1,0,1,1,Adulto
1,"Murphy, Miss. Margaret Jane",25.14061971830986,1,0,367230,0.030253985132996517,1,0,0,1,0,Adulto
0,"Horgan, Mr. John",25.14061971830986,0,0,370377,0.015126992566498259,1,0,0,1,1,Adulto
0,"Brocklebank, Mr. William Alfred",35.0,0,0,364512,0.015712553569072387,0,1,0,1,1,Adulto
1,"Herman, Miss. Alice",24.0,1,2,220845,0.12687155055772734,0,1,1,0,0,Adulto
0,"Danbom, Mr. Ernst Gilbert",34.0,1,1,347080,0.028106928123558056,0,1,0,1,1,Adulto
0,"Lobb, Mrs. William Arthur (Cordelia K Stanlick)",26.0,1,0,A/5. 3336,0.031425107138144774,0,1,0,1,0,Adulto
1,"Becker, Miss. Marion Louise",4.0,2,1,230136,0.07612293033463641,0,1,1,0,0,Criança
0,"Gavey, Mr. Lawrence",26.0,0,0,31028,0.020494635090094415,0,1,1,0,1,Adulto
0,"Yasbeck, Mr. Antoni",27.0,1,0,2659,0.028212719478023115,0,0,0,1,1,Adulto
1,"Kimball, Mr. Edwin Nelson Jr",42.0,1,0,11753,0.10257896680493714,0,1,0,0,1,Adulto
1,"Nakid, Mr. Sahid",20.0,1,1,2653,0.030725752114070404,0,0,0,1,1,Adulto
0,"Hansen, Mr. Henry Damsgaard",21.0,0,0,350029,0.015330377421392339,0,1,0,1,1,Adulto
0,"Bowen, Mr. David John ""Dai""",21.0,0,0,54636,0.031425107138144774,0,1,0,1,1,Adulto
0,"Sutton, Mr. Frederick",61.0,0,0,36963,0.06308600017332605,0,1,0,0,1,Idoso
0,"Kirkland, Rev. Charles Leonard",57.0,0,0,219533,0.024105594605968193,1,0,1,0,1,Adulto
1,"Longley, Miss. Gretchen Fiske",21.0,0,0,13502,0.15216446768991498,0,1,0,0,0,Adulto
0,"Bostandyeff, Mr. Guentcho",26.0,0,0,349224,0.015411575213749286,0,1,0,1,1,Adulto
0,"O'Connell, Mr. Patrick D",25.14061971830986,0,0,334912,0.015094396337354966,1,0,0,1,1,Adulto
1,"Barkworth, Mr. Algernon Henry Wilson",80.0,0,0,27042,0.05855610025741262,0,1,0,0,1,
0,"Lundahl, Mr. Johan Svensson",51.0,0,0,347743,0.013768881414528002,0,1,0,1,1,Adulto
1,"Stahelin-Maeglin, Dr. Max",32.0,0,0,13214,0.05953203526170282,0,0,0,0,1,Adulto
0,"Parr, Mr. William Henry Marsh",38.233440860215055,0,0,112052,0.0,0,1,0,0,1,Adulto
0,"Skoog, Miss. Mabel",9.0,3,2,347088,0.05445717323939373,0,1,0,1,0,Criança
1,"Davis, Miss. Mary",28.0,0,0,237668,0.025374310111545468,0,1,1,0,0,Adulto
0,"Leinonen, Mr. Antti Gustaf",32.0,0,0,STON/O 2. 3101292,0.015468569817999833,0,1,0,1,1,Adulto
0,"Collyer, Mr. Harvey",31.0,1,1,C.A. 31921,0.05123658772523604,0,1,1,0,1,Adulto
0,"Panula, Mrs. Juha (Maria Emilia Ojala)",41.0,0,5,3101295,0.07746484096553544,0,1,0,1,0,Adulto
0,"Thorneycroft, Mr. Percival",25.14061971830986,1,0,376564,0.031425107138144774,0,1,0,1,1,Adulto
0,"Jensen, Mr. Hans Peder",20.0,0,0,350050,0.015330377421392339,0,1,0,1,1,Adulto
1,"Sagesser, Mlle. Emma",24.0,0,0,PC 17477,0.13526459159462315,0,0,0,0,0,Adulto
0,"Skoog, Miss. Margit Elizabeth",2.0,3,2,347088,0.05445717323939373,0,1,0,1,0,Criança
1,"Foo, Mr. Choong",25.14061971830986,0,0,1601,0.11027245763075773,0,1,0,1,1,Adulto
1,"Baclini, Miss. Eugenie",0.75,2,1,2666,0.03758969818624431,0,0,0,1,0,Criança
1,"Harper, Mr. Henry Sleeper",48.0,1,0,PC 17572,0.1497654242623688,0,0,0,0,1,Adulto
0,"Cor, Mr. Liudevit",19.0,0,0,349231,0.015411575213749286,0,1,0,1,1,Adulto
1,"Simonius-Blumer, Col. Oberst Alfons",56.0,0,0,13213,0.06929138530460494,0,0,0,0,1,Adulto
0,"Willey, Mr. Edward",25.14061971830986,0,0,S.O./P.P. 751,0.014736618564782174,0,1,0,1,1,Adulto
1,"Stanley, Miss. Amy Zillah Elsie",23.0,0,0,CA. 2314,0.014736618564782174,0,1,0,1,0,Adulto
0,"Mitkoff, Mr. Mito",25.14061971830986,0,0,349221,0.015411575213749286,0,1,0,1,1,Adulto
1,"Doling, Miss. Elsie",18.0,0,1,231919,0.044893010197349675,0,1,1,0,0,Adulto
0,"Kalvik, Mr. Johannes Halvorsen",21.0,0,0,8475,0.01646070534336126,0,1,0,1,1,Adulto
1,"O'Leary, Miss. Hanora ""Norah""",25.14061971830986,0,0,330919,0.015281580671177828,1,0,0,1,0,Adulto
0,"Hegarty, Miss. Hanora ""Nora""",18.0,0,0,365226,0.013175122557917838,1,0,0,1,0,Adulto
0,"Hickman, Mr. Leonard Mark",24.0,2,0,S.O.C. 14879,0.1434624456306609,0,1,1,0,1,Adulto
0,"Radeff, Mr. Alexander",25.14061971830986,0,0,349223,0.015411575213749286,0,1,0,1,1,Adulto
0,"Bourke, Mrs. John (Catherine)",32.0,1,1,364849,0.030253985132996517,1,0,0,1,0,Adulto
0,"Eitemiller, Mr. George Floyd",23.0,0,0,29751,0.025374310111545468,0,1,1,0,1,Adulto
0,"Newell, Mr. Arthur Webster",58.0,0,2,35273,0.22109807522194713,0,0,0,0,1,Adulto
1,"Frauenthal, Dr. Henry William",50.0,2,0,PC 17611,0.2608674266467732,0,1,0,0,1,Adulto
0,"Badt, Mr. Mohamed",40.0,0,0,2623,0.014102260811993537,0,0,0,1,1,Adulto
0,"Colley, Mr. Edward Pomeroy",47.0,0,0,5727,0.04994347384455151,0,1,0,0,1,Adulto
0,"Coleff, Mr. Peju",36.0,0,0,349210,0.014630827210317117,0,1,0,1,1,Adulto
1,"Lindqvist, Mr. Eino William",20.0,1,0,STON/O 2. 3101285,0.015468569817999833,0,1,0,1,1,Adulto
0,"Hickman, Mr. Lewis",32.0,2,0,S.O.C. 14879,0.1434624456306609,0,1,1,0,1,Adulto
0,"Butler, Mr. Reginald Fenton",25.0,0,0,234686,0.025374310111545468,0,1,1,0,1,Adulto
0,"Rommetvedt, Mr. Knud Paust",25.14061971830986,0,0,312993,0.015175789316712771,0,1,0,1,1,Adulto
0,"Cook, Mr. Jacob",43.0,0,0,A/5 3536,0.015712553569072387,0,1,0,1,1,Adulto
1,"Taylor, Mrs. Elmer Zebley (Juliet Cummins Wright)",38.233440860215055,1,0,19996,0.10149724044618187,0,1,0,0,0,Adulto
1,"Brown, Mrs. Thomas William Solomon (Elizabeth Catherine Ford)",40.0,1,1,29750,0.07612293033463641,0,1,1,0,0,Adulto
0,"Davidson, Mr. Thornton",31.0,1,0,F.C. 12750,0.10149724044618187,0,1,0,0,1,Adulto
0,"Mitchell, Mr. Henry Michael",70.0,0,0,C.A. 24580,0.020494635090094415,0,1,1,0,1,Idoso
1,"Wilhelms, Mr. Charles",31.0,0,0,244270,0.025374310111545468,0,1,1,0,1,Adulto
0,"Watson, Mr. Ennis Hastings",29.87763005780347,0,0,239856,0.0,0,1,1,0,1,Adulto
0,"Edvardsson, Mr. Gustaf Hjalmar",18.0,0,0,349912,0.015175789316712771,0,1,0,1,1,Adulto
0,"Sawyer, Mr. Frederick Charles",24.5,0,0,342826,0.015712553569072387,0,1,0,1,1,Adulto
1,"Turja, Miss. Anna Sofia",18.0,0,0,4138,0.019209719063445922,0,1,0,1,0,Adulto
0,"Goodwin, Mrs. Frederick (Augusta Tyler)",43.0,1,6,CA 2144,0.09154270340242172,0,1,0,1,0,Adulto
1,"Cardeza, Mr. Thomas Drake Martinez",36.0,0,1,PC 17755,1.0,0,0,0,0,1,Adulto
0,"Peters, Miss. Katie",25.14061971830986,0,0,330935,0.01588334219482317,1,0,0,1,0,Adulto
1,"Hassab, Mr. Hammad",27.0,0,0,PC 17572,0.1497654242623688,0,0,0,0,1,Adulto
0,"Olsvigen, Mr. Thor Anderson",20.0,0,0,6563,0.01800600082915438,0,1,0,1,1,Adulto
0,"Goodwin, Mr. Charles Edward",14.0,5,2,CA 2144,0.09154270340242172,0,1,0,1,1,Jovem
0,"Brown, Mr. Thomas William Solomon",60.0,1,1,29750,0.07612293033463641,0,1,1,0,1,Idoso
0,"Laroche, Mr. Joseph Philippe Lemercier",25.0,1,2,SC/Paris 2123,0.08115719346076702,0,0,1,0,1,Adulto
0,"Panula, Mr. Jaako Arnold",14.0,4,1,3101295,0.07746484096553544,0,1,0,1,1,Jovem
0,"Dakic, Mr. Branko",19.0,0,0,349228,0.019852079483269742,0,1,0,1,1,Adulto
0,"Fischer, Mr. Eberhard Thelander",18.0,0,0,350036,0.015216388212891242,0,1,0,1,1,Adulto
1,"Madill, Miss. Georgette Alexandra",15.0,0,1,24160,0.41250332793836464,0,1,0,0,0,Jovem
1,"Dick, Mr. Albert Adrian",31.0,1,0,17474,0.11125659048908397,0,1,0,0,1,Adulto
1,"Karun, Miss. Manca",4.0,0,1,349256,0.026187654344120927,0,0,0,1,0,Criança
1,"Lam, Mr. Ali",25.14061971830986,0,0,1601,0.11027245763075773,0,1,0,1,1,Adulto
0,"Saad, Mr. Khalil",25.0,0,0,2672,0.014102260811993537,0,0,0,1,1,Adulto
0,"Weir, Col. John",60.0,0,0,113800,0.051822148727810165,0,1,0,0,1,Idoso
0,"Chapman, Mr. Charles Henry",52.0,0,0,248731,0.026350245115835676,0,1,1,0,1,Adulto
0,"Kelly, Mr. James",44.0,0,0,363592,0.015712553569072387,0,1,0,1,1,Adulto
1,"Mullens, Miss. Katherine ""Katie""",25.14061971830986,0,0,35852,0.015094396337354966,1,0,0,1,0,Adulto
0,"Thayer, Mr. John Borland",49.0,1,1,17421,0.21642978772242535,0,0,0,0,1,Adulto
0,"Humblen, Mr. Adolf Mathias Nicolai Olsen",42.0,0,0,348121,0.014931805565640218,0,1,0,1,1,Adulto
1,"Astor, Mrs. John Jacob (Madeleine Talmadge Force)",18.0,1,0,PC 17757,0.4440992237022602,0,0,0,0,0,Adulto
1,"Silverthorne, Mr. Spencer Victor",35.0,0,0,PC 17475,0.05130978285055781,0,1,0,0,1,Adulto
0,"Barbara, Miss. Saiide",18.0,0,1,2691,0.028212719478023115,0,0,0,1,0,Adulto
0,"Gallagher, Mr. Martin",25.0,0,0,36864,0.015110792045427042,1,0,0,1,1,Adulto
0,"Hansen, Mr. Henrik Juul",26.0,1,0,350025,0.015330377421392339,0,1,0,1,1,Adulto
0,"Morley, Mr. Henry Samuel (""Mr Henry Marshall"")",39.0,0,0,250655,0.050748620223090936,0,1,1,0,1,Adulto
1,"Kelly, Mrs. Florence ""Fannie""",45.0,0,0,223596,0.026350245115835676,0,1,1,0,0,Adulto
1,"Calderhead, Mr. Edward Pennington",42.0,0,0,PC 17476,0.05130978285055781,0,1,0,0,1,Adulto
1,"Cleaver, Miss. Alice",22.0,0,0,113781,0.29580589980036276,0,1,0,0,0,Adulto
1,"Moubarek, Master. Halim Gonios (""William George"")",25.14061971830986,1,1,2661,0.029757819776815374,0,0,0,1,1,Adulto
1,"Mayne, Mlle. Berthe Antonine (""Mrs de Villiers"")",24.0,0,0,PC 17482,0.09662576327876685,0,0,0,0,0,Adulto
0,"Klaber, Mr. Herman",38.233440860215055,0,0,113028,0.051822148727810165,0,1,0,0,1,Adulto
1,"Taylor, Mr. Elmer Zebley",48.0,1,0,19996,0.10149724044618187,0,1,0,0,1,Adulto
0,"Larsson, Mr. August Viktor",29.0,0,0,7545,0.018510168852370702,0,1,0,1,1,Adulto
0,"Greenberg, Mr. Samuel",52.0,0,0,250647,0.025374310111545468,0,1,1,0,1,Adulto
0,"Soholt, Mr. Peter Andreas Lauritz Andersen",19.0,0,0,348124,0.014931805565640218,0,1,0,1,1,Adulto
1,"Endres, Miss. Caroline Louise",38.0,0,0,PC 17757,0.4440992237022602,0,0,0,0,0,Adulto
1,"Troutt, Miss. Edwina Celia ""Winnie""",27.0,0,0,34218,0.020494635090094415,0,1,1,0,0,Adulto
0,"McEvoy, Mr. Michael",25.14061971830986,0,0,36568,0.030253985132996517,1,0,0,1,1,Adulto
0,"Johnson, Mr. Malkolm Joackim",33.0,0,0,347062,0.015175789316712771,0,1,0,1,1,Adulto
1,"Harper, Miss. Annie Jessie ""Nina""",6.0,0,1,248727,0.06441171028315387,0,1,1,0,0,Criança
0,"Jensen, Mr. Svend Lauritz",17.0,1,0,350048,0.013768881414528002,0,1,0,1,1,Jovem
0,"Gillespie, Mr. William Henry",34.0,0,0,12233,0.025374310111545468,0,1,1,0,1,Adulto
0,"Hodges, Mr. Henry Price",50.0,0,0,250643,0.025374310111545468,0,1,1,0,1,Adulto
1,"Chambers, Mr. Norman Campbell",27.0,1,0,113806,0.10364429745562033,0,1,0,0,1,Adulto
0,"Oreskovic, Mr. Luka",20.0,0,0,315094,0.016908073949327893,0,1,0,1,1,Adulto
1,"Renouf, Mrs. Peter Henry (Lillian Jefferys)",30.0,3,0,31027,0.04098927018018883,0,1,1,0,0,Adulto
1,"Mannion, Miss. Margareth",25.14061971830986,0,0,36866,0.015102594191391004,1,0,0,1,0,Adulto
0,"Bryhl, Mr. Kurt Arnold Gottfrid",25.0,1,0,236853,0.050748620223090936,0,1,1,0,1,Adulto
0,"Ilmakangas, Miss. Pieta Sofia",25.0,1,0,STON/O2. 3101271,0.015468569817999833,0,1,0,1,0,Adulto
1,"Allen, Miss. Elisabeth Walton",29.0,0,0,24160,0.41250332793836464,0,1,0,0,0,Adulto
0,"Hassan, Mr. Houssein G N",11.0,0,0,2699,0.036670757786204655,0,0,0,1,1,Criança
0,"Knight, Mr. Robert J",29.87763005780347,0,0,239855,0.0,0,1,1,0,1,Adulto
0,"Berriman, Mr. William John",23.0,0,0,28425,0.025374310111545468,0,1,1,0,1,Adulto
0,"Troupiansky, Mr. Moses Aaron",23.0,0,0,233639,0.025374310111545468,0,1,1,0,1,Adulto
0,"Williams, Mr. Leslie",28.5,0,0,54636,0.031425107138144774,0,1,0,1,1,Adulto
0,"Ford, Mrs. Edward (Margaret Ann Watson)",48.0,1,3,W./C. 6608,0.06709553154495196,0,1,0,1,0,Adulto
1,"Lesurer, Mr. Gustave J",35.0,0,0,PC 17755,1.0,0,0,0,0,1,Adulto
0,"Ivanoff, Mr. Kanio",25.14061971830986,0,0,349201,0.015411575213749286,0,1,0,1,1,Adulto
0,"Nankoff, Mr. Minko",25.14061971830986,0,0,349218,0.015411575213749286,0,1,0,1,1,Adulto
1,"Hawksford, Mr. Walter James",38.233440860215055,0,0,16988,0.05855610025741262,0,1,0,0,1,Adulto
0,"Cavendish, Mr. Tyrell William",36.0,1,0,19877,0.15390495017656614,0,1,0,0,1,Adulto
1,"Ryerson, Miss. Susan Parker ""Suzette""",21.0,2,2,PC 17608,0.5121218935012878,0,0,0,0,0,Adulto
0,"McNamee, Mr. Neal",24.0,1,0,376566,0.031425107138144774,0,1,0,1,1,Adulto
1,"Stranden, Mr. Juho",31.0,0,0,STON/O 2. 3101288,0.015468569817999833,0,1,0,1,1,Adulto
0,"Crosby, Capt. Edward Gifford",70.0,1,1,WE/P 5735,0.13858277060920987,0,1,0,0,1,Idoso
0,"Abbott, Mr. Rossmore Edward",16.0,1,1,C.A. 2673,0.03952536767375352,0,1,0,1,1,Jovem
1,"Sinkkonen, Miss. Anna",30.0,0,0,250648,0.025374310111545468,0,1,1,0,0,Adulto
0,"Marvin, Mr. Daniel Warner",19.0,1,0,113773,0.10364429745562033,0,1,0,0,1,Adulto
0,"Connaghton, Mr. Michael",31.0,0,0,335097,0.015126992566498259,1,0,0,1,1,Adulto
1,"Wells, Miss. Joan",4.0,1,1,29103,0.044893010197349675,0,1,1,0,0,Criança
1,"Moor, Master. Meier",6.0,0,1,392096,0.024349578357040744,0,1,0,1,1,Criança
0,"Vande Velde, Mr. Johannes Joseph",33.0,0,0,345780,0.018542765081513996,0,1,0,1,1,Adulto
0,"Jonkoff, Mr. Lalio",23.0,0,0,349204,0.015411575213749286,0,1,0,1,1,Adulto
1,"Herman, Mrs. Samuel (Jane Laver)",48.0,1,2,220845,0.12687155055772734,0,1,1,0,0,Adulto
1,"Hamalainen, Master. Viljo",0.67,1,1,250649,0.028302115124416098,0,1,1,0,1,Criança
0,"Carlsson, Mr. August Sigfrid",28.0,0,0,350042,0.015216388212891242,0,1,0,1,1,Adulto
0,"Bailey, Mr. Percy Andrew",18.0,0,0,29108,0.022446505098674838,0,1,1,0,1,Adulto
0,"Theobald, Mr. Thomas Leonard",34.0,0,0,363294,0.015712553569072387,0,1,0,1,1,Adulto
1,"Rothes, the Countess. of (Lucy Noel Martha Dyer-Edwards)",33.0,0,0,110152,0.16883675574220638,0,1,0,0,0,Adulto
0,"Garfirth, Mr. John",25.14061971830986,0,0,358585,0.028302115124416098,0,1,0,1,1,Adulto
0,"Nirva, Mr. Iisakki Antino Aijo",41.0,0,0,SOTON/O2 3101272,0.013907073811135496,0,1,0,1,1,Adulto
1,"Barah, Mr. Hanna Assi",20.0,0,0,2663,0.014110458666029575,0,0,0,1,1,Adulto
1,"Carter, Mrs. William Ernest (Lucile Polk)",36.0,1,2,113760,0.23422440102965048,0,1,0,0,0,Adulto
0,"Eklund, Mr. Hans Linus",16.0,0,0,347074,0.015175789316712771,0,1,0,1,1,Jovem
1,"Hogeboom, Mrs. John C (Anna Andrews)",51.0,1,0,13502,0.15216446768991498,0,1,0,0,0,Adulto
0,"Brewe, Dr. Arthur Jackson",38.233440860215055,0,0,112379,0.07729405233978466,0,0,0,0,1,Adulto
0,"Mangan, Miss. Mary",30.5,0,0,364850,0.015126992566498259,1,0,0,1,0,Adulto
0,"Moran, Mr. Daniel J",25.14061971830986,1,0,371110,0.04713766070721715,1,0,0,1,1,Adulto
0,"Gronnestad, Mr. Daniel Danielsen",32.0,0,0,8471,0.016322512946753766,0,1,0,1,1,Adulto
0,"Lievens, Mr. Rene Aime",24.0,0,0,345781,0.018542765081513996,0,1,0,1,1,Adulto
0,"Jensen, Mr. Niels Peder",48.0,0,0,350047,0.015330377421392339,0,1,0,1,1,Adulto
0,"Mack, Mrs. (Mary)",57.0,0,0,S.O./P.P. 3,0.020494635090094415,0,1,1,0,0,Adulto
0,"Elias, Mr. Dibo",25.14061971830986,0,0,2674,0.014102260811993537,0,0,0,1,1,Adulto
1,"Hocking, Mrs. Elizabeth (Eliza Needs)",54.0,1,3,29105,0.044893010197349675,0,1,1,0,0,Adulto
0,"Myhrman, Mr. Pehr Fabian Oliver Malkolm",18.0,0,0,347078,0.015126992566498259,0,1,0,1,1,Adulto
0,"Tobin, Mr. Roger",25.14061971830986,0,0,383121,0.015126992566498259,1,0,0,1,1,Adulto
1,"Emanuel, Miss. Virginia Ethel",5.0,0,0,364516,0.024349578357040744,0,1,0,1,0,Criança
0,"Kilgannon, Mr. Thomas J",25.14061971830986,0,0,36865,0.015102594191391004,1,0,0,1,1,Adulto
1,"Robert, Mrs. Edward Scott (Elisabeth Walton McMillan)",43.0,0,1,24160,0.41250332793836464,0,1,0,0,0,Adulto
1,"Ayoub, Miss. Banoura",13.0,0,0,2687,0.014110458666029575,0,0,0,1,0,Jovem
1,"Dick, Mrs. Albert Adrian (Vera Gillespie)",17.0,1,0,17474,0.11125659048908397,0,1,0,0,0,Jovem
0,"Long, Mr. Milton Clyde",29.0,0,0,113501,0.05855610025741262,0,1,0,0,1,Adulto
0,"Johnston, Mr. Andrew G",25.14061971830986,1,2,W./C. 6607,0.04577135170121086,0,1,0,1,1,Adulto
0,"Ali, Mr. William",25.0,0,0,SOTON/O.Q. 3101312,0.013760683560491965,0,1,0,1,1,Adulto
0,"Harmer, Mr. Abraham (David Lishin)",25.0,0,0,374887,0.014151057562208049,0,1,0,1,1,Adulto
1,"Sjoblom, Miss. Anna Sofia",18.0,0,0,3101265,0.014630827210317117,0,1,0,1,0,Adulto
0,"Rice, Master. George Hugh",8.0,4,1,382652,0.05684821399990475,1,0,0,1,1,Criança
1,"Dean, Master. Bertram Vere",1.0,1,2,C.A. 2315,0.04015972542654215,0,1,0,1,1,Criança
0,"Guggenheim, Mr. Benjamin",46.0,0,0,PC 17593,0.15458810467956932,0,0,0,0,1,Adulto
0,"Keane, Mr. Andrew ""Andy""",25.14061971830986,0,0,12460,0.015126992566498259,1,0,0,1,1,Adulto
0,"Gaskell, Mr. Alfred",16.0,0,0,239865,0.050748620223090936,0,1,1,0,1,Jovem
0,"Sage, Miss. Stella Anna",25.14061971830986,8,2,CA. 2343,0.13575255909676825,0,1,0,1,0,Adulto
0,"Hoyt, Mr. William Fisher",38.233440860215055,0,0,PC 17600,0.05991421140938287,0,0,0,0,1,Adulto
0,"Dantcheff, Mr. Ristiu",25.0,0,0,349203,0.015411575213749286,0,1,0,1,1,Adulto
0,"Otter, Mr. Richard",39.0,0,0,28213,0.025374310111545468,0,1,1,0,1,Adulto
1,"Leader, Dr. Alice (Farnham)",49.0,0,0,17465,0.050610427826483444,0,1,0,0,0,Adulto
1,"Osman, Mrs. Mara",31.0,0,0,349244,0.016948672845506364,0,1,0,1,0,Adulto
0,"Ibrahim Shawah, Mr. Yousseff",30.0,0,0,2685,0.014110458666029575,0,0,0,1,1,Adulto
0,"Van Impe, Mrs. Jean Baptiste (Rosalie Paula Govaert)",30.0,1,1,345773,0.04713766070721715,0,1,0,1,0,Adulto
0,"Ponesell, Mr. Martin",34.0,0,0,250647,0.025374310111545468,0,1,1,0,1,Adulto
1,"Collyer, Mrs. Harvey (Charlotte Annie Tate)",31.0,1,1,C.A. 31921,0.05123658772523604,0,1,1,0,0,Adulto
1,"Carter, Master. William Thornton II",11.0,1,2,113760,0.23422440102965048,0,1,0,0,1,Criança
1,"Thomas, Master. Assad Alexander",0.42,0,1,2625,0.016623491302076868,0,0,0,1,1,Criança
1,"Hedman, Mr. Oskar Arvid",27.0,0,0,347089,0.013614293309848433,0,1,0,1,1,Adulto
0,"Johansson, Mr. Karl Johan",31.0,0,0,347063,0.015175789316712771,0,1,0,1,1,Adulto
0,"Andrews, Mr. Thomas Jr",39.0,0,0,112050,0.0,0,1,0,0,1,Adulto
0,"Pettersson, Miss. Ellen Natalia",18.0,0,0,347087,0.015175789316712771,0,1,0,1,0,Adulto
0,"Meyer, Mr. August",39.0,0,0,248723,0.025374310111545468,0,1,1,0,1,Adulto
1,"Chambers, Mrs. Norman Campbell (Bertha Griggs)",33.0,1,0,113806,0.10364429745562033,0,1,0,0,0,Adulto
0,"Alexander, Mr. William",26.0,0,0,3474,0.015395374692678068,0,1,0,1,1,Adulto
0,"Lester, Mr. James",39.0,0,0,A/4 48871,0.04713766070721715,0,1,0,1,1,Adulto
0,"Slemen, Mr. Richard James",35.0,0,0,28206,0.020494635090094415,0,1,1,0,1,Adulto
0,"Andersson, Miss. Ebba Iris Alfrida",6.0,4,2,347082,0.06104473451835265,0,1,0,1,0,Criança
0,"Tomlin, Mr. Ernest Portage",30.5,0,0,364499,0.015712553569072387,0,1,0,1,1,Adulto
0,"Fry, Mr. Richard",38.233440860215055,0,0,112058,0.0,0,1,0,0,1,Adulto
0,"Heininen, Miss. Wendla Maria",23.0,0,0,STON/O2. 3101290,0.015468569817999833,0,1,0,1,0,Adulto
0,"Mallet, Mr. Albert",31.0,1,1,S.C./PARIS 2079,0.07222738817151159,0,0,1,0,1,Adulto
0,"Holm, Mr. John Fredrik Alexander",43.0,0,0,C 7075,0.012589561555343713,0,1,0,1,1,Adulto
0,"Skoog, Master. Karl Thorsten",10.0,3,2,347088,0.05445717323939373,0,1,0,1,1,Criança
1,"Hays, Mrs. Charles Melville (Clara Jennings Gregg)",52.0,1,1,12749,0.18249984580226933,0,1,0,0,0,Adulto
1,"Lulic, Mr. Nikola",27.0,0,0,315098,0.016908073949327893,0,1,0,1,1,Adulto
0,"Reuchlin, Jonkheer. John George",38.0,0,0,19972,0.0,0,1,0,0,1,Adulto
1,"Moor, Mrs. (Beila)",27.0,0,1,392096,0.024349578357040744,0,1,0,1,0,Adulto
0,"Panula, Master. Urho Abraham",2.0,4,1,3101295,0.07746484096553544,0,1,0,1,1,Criança
0,"Flynn, Mr. John",25.14061971830986,0,0,368323,0.013565496559633922,1,0,0,1,1,Adulto
0,"Lam, Mr. Len",25.14061971830986,0,0,1601,0.11027245763075773,0,1,0,1,1,Adulto
1,"Mallet, Master. Andre",1.0,0,2,S.C./PARIS 2079,0.07222738817151159,0,0,1,0,1,Criança
1,"McCormack, Mr. Thomas Joseph",25.14061971830986,0,0,367228,0.015126992566498259,1,0,0,1,1,Adulto
1,"Yasbeck, Mrs. Antoni (Selini Alexander)",15.0,1,0,2659,0.028212719478023115,0,0,0,1,0,Jovem
1,"Richards, Master. George Sibley",0.83,1,1,29106,0.03659756266088288,0,1,1,0,1,Criança
0,"Saad, Mr. Amin",25.14061971830986,0,0,2671,0.014110458666029575,0,0,0,1,1,Adulto
0,"Augustsson, Mr. Albert",23.0,0,0,347468,0.015330377421392339,0,1,0,1,1,Adulto
0,"Allum, Mr. Owen George",18.0,0,0,2223,0.016200521071217493,0,1,0,1,1,Adulto
1,"Compton, Miss. Sara Rebecca",39.0,1,1,PC 17756,0.16231419173453318,0,0,0,0,0,Adulto
0,"Pasic, Mr. Jakob",21.0,0,0,315097,0.016908073949327893,0,1,0,1,1,Adulto
0,"Sirota, Mr. Maurice",25.14061971830986,0,0,392092,0.015712553569072387,0,1,0,1,1,Adulto
1,"Chip, Mr. Chang",32.0,0,0,1601,0.11027245763075773,0,1,0,1,1,Adulto
1,"Marechal, Mr. Pierre",38.233440860215055,0,0,11774,0.057970539254838485,0,0,0,0,1,Adulto
0,"Alhomaki, Mr. Ilmari Rudolf",20.0,0,0,SOTON/O2 3101287,0.015468569817999833,0,1,0,1,1,Adulto
0,"Mudd, Mr. Thomas Charles",16.0,0,0,S.O./P.P. 3,0.020494635090094415,0,1,1,0,1,Jovem
1,"Serepeca, Miss. Augusta",30.0,0,0,113798,0.060507970265993034,0,0,0,0,0,Adulto
0,"Lemberopolous, Mr. Peter L",34.5,0,0,2683,0.012565163180236457,0,0,0,1,1,Adulto
0,"Culumovic, Mr. Jeso",17.0,0,0,315090,0.016908073949327893,0,1,0,1,1,Jovem
0,"Abbing, Mr. Anthony",42.0,0,0,C.A. 5547,0.014736618564782174,0,1,0,1,1,Adulto
0,"Sage, Mr. Douglas Bullen",25.14061971830986,8,2,CA. 2343,0.13575255909676825,0,1,0,1,1,Adulto
0,"Markoff, Mr. Marin",35.0,0,0,349213,0.015411575213749286,0,0,0,1,1,Adulto
0,"Harper, Rev. John",28.0,0,1,248727,0.06441171028315387,0,1,1,0,1,Adulto
1,"Goldenberg, Mrs. Samuel L (Edwiga Grabowska)",38.233440860215055,1,0,17453,0.17391981561855152,0,0,0,0,0,Adulto
0,"Andersson, Master. Sigvard Harald Elias",4.0,4,2,347082,0.06104473451835265,0,1,0,1,1,Criança
0,"Svensson, Mr. Johan",74.0,0,0,347060,0.015175789316712771,0,1,0,1,1,Idoso
0,"Boulos, Miss. Nourelain",9.0,1,1,2678,0.029757819776815374,0,0,0,1,0,Criança
1,"Lines, Miss. Mary Conover",16.0,0,1,PC 17592,0.07690367833806856,0,1,0,0,0,Jovem
0,"Carter, Mrs. Ernest Courtenay (Lilian Hughes)",44.0,1,0,244252,0.050748620223090936,0,1,1,0,0,Adulto
1,"Aks, Mrs. Sam (Leah Rosen)",18.0,0,1,392091,0.018249984580226933,0,1,0,1,0,Adulto
1,"Wick, Mrs. George Dennick (Mary Hitchcock)",45.0,1,1,36928,0.32179836714362564,0,1,0,0,0,Adulto
1,"Daly, Mr. Peter Denis ",51.0,0,0,113055,0.051822148727810165,0,1,0,0,1,Adulto
1,"Baclini, Mrs. Solomon (Latifa Qurban)",24.0,0,3,2666,0.03758969818624431,0,0,0,1,0,Adulto
0,"Razi, Mr. Raihed",25.14061971830986,0,0,2629,0.014110458666029575,0,0,0,1,1,Adulto
0,"Hansen, Mr. Claus Peter",41.0,2,0,350026,0.027537567642055148,0,1,0,1,1,Adulto
0,"Giles, Mr. Frederick Edward",21.0,1,0,28134,0.022446505098674838,0,1,1,0,1,Adulto
1,"Swift, Mrs. Frederick Joel (Margaret Welles Barron)",48.0,0,0,17466,0.050610427826483444,0,1,0,0,0,Adulto
0,"Sage, Miss. Dorothy Edith ""Dolly""",25.14061971830986,8,2,CA. 2343,0.13575255909676825,0,1,0,1,0,Adulto
0,"Gill, Mr. John William",24.0,0,0,233866,0.025374310111545468,0,1,1,0,1,Adulto
1,"Bystrom, Mrs. (Karolina)",42.0,0,0,236852,0.025374310111545468,0,1,1,0,0,Adulto
1,"Duran y More, Miss. Asuncion",27.0,1,0,SC/PARIS 2149,0.027049600139910042,0,0,1,0,0,Adulto
0,"Roebling, Mr. Washington Augustus II",31.0,0,0,PC 17590,0.09856123757927521,0,1,0,0,1,Adulto
0,"van Melkebeke, Mr. Philemon",25.14061971830986,0,0,345777,0.018542765081513996,0,1,0,1,1,Adulto
1,"Johnson, Master. Harold Theodor",4.0,1,1,347742,0.021730754366528396,0,1,0,1,1,Criança
0,"Balkic, Mr. Cerin",26.0,0,0,349248,0.015411575213749286,0,1,0,1,1,Adulto
1,"Beckwith, Mrs. Richard Leonard (Sallie Monypeny)",47.0,1,1,11751,0.10257896680493714,0,1,0,0,0,Adulto
0,"Carlsson, Mr. Frans Olof",33.0,0,0,695,0.009759350042902102,0,1,0,0,1,Adulto
0,"Vander Cruyssen, Mr. Victor",47.0,0,0,345765,0.017566830077223785,0,1,0,1,1,Adulto
1,"Abelson, Mrs. Samuel (Hannah Wizosky)",28.0,1,0,P/PP 3381,0.04684488020593009,0,0,1,0,0,Adulto
1,"Najib, Miss. Adele Kiamie ""Jane""",15.0,0,0,2667,0.014102260811993537,0,0,0,1,0,Jovem
0,"Gustafsson, Mr. Alfred Ossian",20.0,0,0,7534,0.019217721730481106,0,1,0,1,1,Adulto
0,"Petroff, Mr. Nedelio",19.0,0,0,349212,0.015411575213749286,0,1,0,1,1,Adulto
0,"Laleff, Mr. Kristo",25.14061971830986,0,0,349217,0.015411575213749286,0,1,0,1,1,Adulto
1,"Potter, Mrs. Thomas Jr (Lily Alexenia Wilson)",56.0,0,1,11767,0.16231419173453318,0,0,0,0,0,Adulto
1,"Shelley, Mrs. William (Imanita Parrish Hall)",25.0,0,1,230433,0.050748620223090936,0,1,1,0,0,Adulto
0,"Markun, Mr. Johann",33.0,0,0,349257,0.015411575213749286,0,1,0,1,1,Adulto
0,"Dahlberg, Miss. Gerda Ulrika",22.0,0,0,7552,0.02052723131923771,0,1,0,1,0,Adulto
0,"Banfield, Mr. Frederick James",28.0,0,0,C.A./SOTON 34068,0.020494635090094415,0,1,1,0,1,Adulto
0,"Sutehall, Mr. Henry Jr",25.0,0,0,SOTON/OQ 392076,0.013760683560491965,0,1,0,1,1,Adulto
0,"Rice, Mrs. William (Margaret Norton)",39.0,0,5,382652,0.05684821399990475,1,0,0,1,0,Adulto
0,"Montvila, Rev. Juozas",27.0,0,0,211536,0.025374310111545468,0,1,1,0,1,Adulto
1,"Graham, Miss. Margaret Edith",19.0,0,0,112053,0.05855610025741262,0,1,0,0,0,Adulto
0,"Johnston, Miss. Catherine Helen ""Carrie""",25.14061971830986,1,2,W./C. 6607,0.04577135170121086,0,1,0,1,0,Adulto
1,"Behr, Mr. Karl Howell",26.0,0,0,111369,0.05855610025741262,0,0,0,0,1,Adulto
0,"Dooley, Mr. Patrick",32.0,0,0,370376,0.015126992566498259,1,0,0,1,1,Adulto
